slots,layer,events,local_hidden_cosine,local_hidden_relative_l2,fifo_pool_hit8,fifo_ranked_recall8,fifo_ranked_recall16
16,0,1947,0.9558526822959279,0.2955237510869554,0.10188751926040061,0.049049820236260915,0.10188751926040061
16,1,1947,0.9929107093259967,0.09342383743622712,0.27003081664098616,0.15549563430919364,0.27003081664098616
16,2,1947,0.9816700003199337,0.1508255723130185,0.319658448895737,0.18547765793528506,0.319658448895737
16,3,1947,0.9950972434720772,0.07637005445374435,0.4905624036979969,0.2628402670775552,0.4905624036979969
16,4,1947,0.9846003742284982,0.11891279354176179,0.4133281972265023,0.21346944016435543,0.4133281972265023
16,5,1947,0.9913403216528158,0.10324429718100069,0.3602336928608115,0.19087057010785824,0.3602336928608115
16,6,1947,0.9878193507958384,0.1258711976264129,0.3412300975860298,0.20640729327170004,0.3412300975860298
16,7,1947,0.9924150039262879,0.11265681570230396,0.33269131997945556,0.19401643554185927,0.33269131997945556
16,8,1947,0.9983510787293923,0.04735208123341751,0.5144453004622496,0.27747817154596816,0.5144453004622496
16,9,1947,0.9984373714778273,0.047212761867721956,0.5465459681561377,0.2923728813559322,0.5465459681561377
16,10,1947,0.9971216643328632,0.06284418975795197,0.4645608628659476,0.25192604006163327,0.4645608628659476
16,11,1947,0.9984311731319314,0.049143621930121784,0.4943502824858757,0.2710580380071905,0.4943502824858757
16,12,1947,0.9917218328543901,0.12082452083622429,0.3333333333333333,0.17982794042116076,0.3333333333333333
16,13,1947,0.9971954233389293,0.06480091690229775,0.522663071391885,0.2707370313302517,0.522663071391885
16,14,1947,0.9947322503646273,0.08713101210729755,0.4562788906009245,0.25699794555726757,0.4562788906009245
16,15,1947,0.9957229662428523,0.06948379297989316,0.6138931689779148,0.309065228556754,0.6138931689779148
16,16,1947,0.9953963377120575,0.07725753600461714,0.5772342064714946,0.29442732408834105,0.5772342064714946
16,17,1947,0.9951035555716612,0.08643302891094166,0.46545968156137646,0.24672573189522343,0.46545968156137646
16,18,1947,0.9867866029188199,0.15131583385473302,0.3210708782742681,0.1780945043656908,0.3210708782742681
16,19,1947,0.9947282069539659,0.09149533432402013,0.47117360041088857,0.2593733949666153,0.47117360041088857
16,20,1947,0.9935312111763497,0.10160596456135859,0.4029275808936826,0.21610169491525424,0.4029275808936826
16,21,1947,0.9827718051878328,0.15706217653054,0.3794940934771443,0.2213020030816641,0.3794940934771443
16,22,1947,0.9625441522582615,0.2332822072442168,0.1933744221879815,0.12230354391371341,0.1933744221879815
16,23,1947,0.9944911382613353,0.08915561659174481,0.5151515151515151,0.2645095017976374,0.5151515151515151
16,24,1947,0.991344613364544,0.11525967916054035,0.4729070364663585,0.258602978941962,0.4729070364663585
16,25,1947,0.9933076944711913,0.0988591465669898,0.5021186440677966,0.26810477657935283,0.5021186440677966
16,26,1947,0.9884363613839643,0.1277221610481085,0.424884437596302,0.23247303543913714,0.424884437596302
16,27,1947,0.9912791111252269,0.11355559044550327,0.46359784283513095,0.25577812018489987,0.46359784283513095
16,28,1947,0.9851525314065559,0.1559760758699944,0.31940164355418593,0.18207498715973292,0.31940164355418593
16,29,1947,0.9856219216769345,0.1429743831594531,0.4946712891628146,0.2669491525423729,0.4946712891628146
16,30,1947,0.9779231496521729,0.1764943598432824,0.41640986132511554,0.2323446327683616,0.41640986132511554
16,31,1947,0.9860109937108236,0.13237868380057896,0.5886620441705187,0.298728813559322,0.5886620441705187
16,32,1947,0.9871090682537131,0.1350384276618927,0.5556625577812019,0.30585516178736516,0.5556625577812019
16,33,1947,0.9845987304775979,0.1508034657506235,0.45428864920390344,0.23568310220852592,0.45428864920390344
16,34,1947,0.9787390514176703,0.18933097273131255,0.33962506420133537,0.18952234206471494,0.33962506420133537
16,35,1947,0.9808221394812627,0.1752504762334727,0.45884694401643555,0.23786594761171032,0.45884694401643555
16,36,1947,0.976915312773869,0.1823796773041865,0.444658448895737,0.2408834103749358,0.444658448895737
16,37,1947,0.9850437093211135,0.15577540861528913,0.37153312788906007,0.20223420647149462,0.37153312788906007
16,38,1947,0.9649556160052775,0.24138253385635902,0.2266307139188495,0.11665382639958911,0.2266307139188495
16,39,1947,0.9852644467811938,0.1335668354611482,0.5561761684643041,0.28935541859270675,0.5561761684643041
16,40,1947,0.9922408484163207,0.1042566614033739,0.5488572162300975,0.2942347200821777,0.5488572162300975
16,41,1947,0.9875899811467709,0.13289278601684656,0.44087057010785824,0.24325885978428352,0.44087057010785824
16,42,1947,0.9816216125870306,0.16225139320782292,0.3081664098613251,0.17822290703646637,0.3081664098613251
16,43,1947,0.9929445860974444,0.09647399868129267,0.47971237801746275,0.25841037493579866,0.47971237801746275
16,44,1947,0.9926614105371204,0.10198564643587534,0.3940677966101695,0.23260143810991268,0.3940677966101695
16,45,1947,0.9934752284336662,0.0799953046381264,0.4097329224447869,0.22605290190035954,0.4097329224447869
16,46,1947,0.9936526482794841,0.07248073146502648,0.3768618387262455,0.20936055469953774,0.3768618387262455
16,47,340,0.9929639448809426,0.08703706157309743,0.2772058823529412,0.15919117647058822,0.2772058823529412
22,0,1947,0.959911381342516,0.27757050169954034,0.14926810477657934,0.0450693374422188,0.10695942475603493
22,1,1947,0.993466585974461,0.08592064251825272,0.3266563944530046,0.15087313816127376,0.26052901900359526
22,2,1947,0.9825919694988958,0.14289895939914787,0.3626091422701592,0.16640986132511557,0.2929506933744222
22,3,1947,0.9957526294856102,0.06715102261742929,0.5809578839239856,0.23061119671289163,0.43380842321520285
22,4,1947,0.9857933172942026,0.10909969622301802,0.4829224447868516,0.19453004622496148,0.36787365177195686
22,5,1947,0.991584343112507,0.09880998789629349,0.41236517719568566,0.18881612737544942,0.3272984078068824
22,6,1947,0.9887363054272507,0.11813403234605555,0.3772470467385722,0.19311761684643042,0.3173472008217771
22,7,1947,0.992999096690567,0.10812879306330217,0.37249614791987673,0.17526964560862865,0.29808680020544426
22,8,1947,0.9986199250477851,0.04146493481551237,0.5670261941448382,0.2564843348741654,0.46154340010272216
22,9,1947,0.9987952687553696,0.03982044533386171,0.6245505906522856,0.25995120698510527,0.4863251155624037
22,10,1947,0.9974934546753281,0.05466880074628033,0.5582948125321007,0.2111581920903955,0.43014894709809964
22,11,1947,0.9988204879277582,0.041370357501519954,0.5933487416538265,0.2226502311248074,0.4344504365690806
22,12,1947,0.992373683259463,0.11418646376277593,0.3885464817668208,0.17193117616846432,0.30784540318438625
22,13,1947,0.997793151267662,0.05529963989304457,0.604070364663585,0.23786594761171032,0.4670647149460709
22,14,1947,0.9960406157037228,0.07426737591299172,0.5380713918849512,0.22868515665125835,0.404532614278377
22,15,1947,0.997302817558508,0.05022752640427937,0.7244478685156651,0.2816512583461736,0.5634309193631227
22,16,1947,0.9964978227597698,0.06305337722989358,0.6667308680020544,0.26970980996404725,0.5052003081664098
22,17,1947,0.9962612461565438,0.07313059412280358,0.5548921417565486,0.21854134565998973,0.43002054442732407
22,18,1947,0.9884182701936122,0.14084539101588947,0.37917308680020545,0.16923472008217771,0.3060477657935285
22,19,1947,0.9957499312667557,0.08104305406116839,0.5442989214175655,0.23504108885464817,0.4197483307652799
22,20,1947,0.9946577348074627,0.09263719301503255,0.47887776065742166,0.19786851566512584,0.36954288649203904
22,21,1947,0.9849832160514668,0.1450602538033104,0.4244350282485876,0.20647149460708783,0.3464946070878274
22,22,1947,0.9649211191412372,0.2221671585912757,0.2401129943502825,0.10663841807909605,0.19298921417565484
22,23,1947,0.9959513146680453,0.07304665700474555,0.6059322033898306,0.2306753980482794,0.4522342064714946
22,24,1947,0.9927005953363668,0.10223130452854144,0.544427324088341,0.21680790960451976,0.4261684643040575
22,25,1947,0.9947376845214488,0.08525076341949542,0.5776194144838213,0.2449280945043657,0.45428864920390344
22,26,1947,0.9900576054513744,0.1155925511250475,0.49614791987673346,0.21873394966615306,0.3872624550590652
22,27,1947,0.993254467588178,0.09932608695230064,0.5406394453004623,0.22245762711864406,0.41319979455572675
22,28,1947,0.986923655108154,0.1450260945945099,0.3785310734463277,0.16512583461736005,0.288135593220339
22,29,1947,0.9875385518309596,0.12631062851382233,0.5754365690806369,0.23882896764252695,0.4393939393939394
22,30,1947,0.9813436407169573,0.15688659297991664,0.4899845916795069,0.21070878274268104,0.3764124293785311
22,31,1947,0.9887886199248135,0.10959694778086253,0.6775166923472008,0.26303287108371853,0.5121982537236774
22,32,1947,0.9910778399598599,0.10641548781457723,0.6495249101181304,0.25475089881869545,0.49524910118130455
22,33,1947,0.9866784791516157,0.13583438405855772,0.5316512583461735,0.22072419106317412,0.3983050847457627
22,34,1947,0.9808825466484005,0.1763730248113313,0.3878402670775552,0.17969953775038522,0.3102850539291217
22,35,1947,0.9844396931506207,0.155400621876595,0.527799178222907,0.2105803800719055,0.39933230611196713
22,36,1947,0.9826397343274949,0.1565766293158472,0.5194530046224961,0.2218798151001541,0.4067796610169492
22,37,1947,0.9872699670493545,0.1421270899675159,0.4388803287108372,0.18817411402157164,0.32928864920390344
22,38,1947,0.9664529015209419,0.2355140034098963,0.26829738058551617,0.10734463276836158,0.2105803800719055
22,39,1947,0.9882518030274001,0.11288443937951322,0.6320621468926554,0.23491268618387262,0.46449666153055985
22,40,1947,0.9936832562946423,0.09049136343415219,0.6200564971751412,0.26168464304057526,0.47322804314329736
22,41,1947,0.990125481008594,0.11597061795886046,0.5235618900873138,0.2189265536723164,0.395929635336415
22,42,1947,0.9830808406787976,0.15336833835791733,0.3514381099126862,0.15697226502311248,0.27420390344119155
22,43,1947,0.9947566446454758,0.08215838448258725,0.5606060606060606,0.24261684643040576,0.43464304057524394
22,44,1947,0.993496287400373,0.09429409780117774,0.45878274268104774,0.21346944016435543,0.3614535182331792
22,45,1947,0.9958024827452526,0.06653473707052464,0.47252182845403184,0.20518746789933232,0.36517719568567025
22,46,1947,0.9962665188826125,0.0629344685625732,0.4405495634309194,0.18971494607087827,0.34058808423215203
22,47,340,0.9933495304619823,0.08384206413526006,0.3264705882352941,0.14705882352941177,0.2536764705882353
32,0,1947,0.9640107019360187,0.2628291622472688,0.21841294298921418,0.05386492039034412,0.10991268618387262
32,1,1947,0.9938045970723001,0.08095564826635167,0.3882896764252696,0.13373138161273754,0.23857216230097586
32,2,1947,0.9843770518601679,0.1268619030490883,0.44966615305598356,0.14727786337955828,0.2540446841294299
32,3,1947,0.996780421330947,0.0542414752786412,0.6577426810477658,0.19761171032357472,0.3841165896250642
32,4,1947,0.987101975159895,0.0945936320749602,0.6024011299435028,0.16994093477144326,0.32408834103749357
32,5,1947,0.9935952886771717,0.0828721350833117,0.5026322547508988,0.1770672829994864,0.296738572162301
32,6,1947,0.9900937989043065,0.10483145026634336,0.4589111453518233,0.1800205444273241,0.28807139188495123
32,7,1947,0.9940028473851141,0.09716054619929833,0.4621854134565999,0.16557524396507448,0.27664355418592707
32,8,1947,0.998893614919296,0.03527264162307954,0.6431689779147406,0.22765793528505393,0.4079994863893169
32,9,1947,0.9992005545186884,0.031614988561144954,0.7016563944530047,0.22560349255264509,0.4225089881869543
32,10,1947,0.9978782714343092,0.04859881807977105,0.6388032871083719,0.19433744221879815,0.3733949666153056
32,11,1947,0.9990463356057203,0.03539990541618891,0.6663456599897278,0.20441705187467898,0.4140986132511556
32,12,1947,0.9937382335870182,0.1009622993268296,0.48484848484848486,0.15780688238315357,0.2804956343091936
32,13,1947,0.9982150209973956,0.04740976615558774,0.6836800205444273,0.21013097072419107,0.4071648690292758
32,14,1947,0.9966964660059758,0.061942471192359475,0.6314843348741653,0.19176938880328712,0.3617103235747304
32,15,1947,0.9982972272589338,0.0355417013614397,0.8100924499229584,0.2132126348228043,0.4370184899845917
32,16,1947,0.9979593180170745,0.04717839515803994,0.7489727786337956,0.21520287621982537,0.421738572162301
32,17,1947,0.997470012883897,0.05916638324061352,0.6485618900873138,0.20030816640986132,0.38142013353877763
32,18,1947,0.9906421375272306,0.12425873624927575,0.46635850025680536,0.1467642526964561,0.25571391884951206
32,19,1947,0.996591528769733,0.07056233787077222,0.6243579866461222,0.21090138674884437,0.36845146379044685
32,20,1947,0.9960745008700317,0.07738714984523623,0.560477657935285,0.18066255778120185,0.33570878274268107
32,21,1947,0.9886561154201707,0.12683211015876109,0.5181689779147406,0.18496404725218285,0.3023882896764253
32,22,1947,0.9678370912022768,0.210029567615391,0.3101566512583462,0.10785824345146379,0.17212378017462762
32,23,1947,0.9969533192192803,0.0615500782123028,0.6832948125321007,0.20351823317925014,0.3967642526964561
32,24,1947,0.9940562042377185,0.08942129973693691,0.6070236260914227,0.20422444786851565,0.37673343605546994
32,25,1947,0.9965416796883203,0.06902421202726558,0.6560092449922958,0.20942475603492552,0.37410118130457115
32,26,1947,0.9917654080882893,0.09864277676220037,0.58198510529019,0.1807267591165896,0.33840523882896767
32,27,1947,0.9948574718674635,0.08256374224469351,0.6399589111453519,0.19594247560349257,0.35965588084232153
32,28,1947,0.9897634333154053,0.12350594705087387,0.47785053929121724,0.14843348741653825,0.25584232152028763
32,29,1947,0.9911264427002663,0.1015087822382444,0.6783513097072419,0.21334103749357985,0.39047252182845404
32,30,1947,0.984031770464801,0.13837342575002393,0.5795454545454546,0.1926040061633282,0.32479455572675914
32,31,1947,0.9933513608330823,0.0776522223110015,0.7585387776065742,0.21905495634309194,0.4324601951720596
32,32,1947,0.9935402736341018,0.08519710210168342,0.7269517205957884,0.19703389830508475,0.3843091936312275
32,33,1947,0.9896761889413028,0.11440677494160707,0.6242937853107344,0.19408063687724705,0.3533641499743195
32,34,1947,0.985020070688801,0.15176122697011277,0.4915254237288136,0.14991011813045713,0.26033641499743193
32,35,1947,0.9878479935575829,0.1331748142689768,0.616974833076528,0.17193117616846432,0.35034668721109397
32,36,1947,0.9850124681019797,0.1405368133361115,0.5861581920903954,0.19189779147406266,0.34964047252182845
32,37,1947,0.990450200764038,0.11928827391165418,0.5219568567026194,0.1628145865434001,0.2935285053929122
32,38,1947,0.9703391090655233,0.2169754291657568,0.3453389830508475,0.1054185927067283,0.19536466358500257
32,39,1947,0.9918394678536336,0.08878519988143925,0.701271186440678,0.21436825885978428,0.4028633795582948
32,40,1947,0.9953013105235458,0.07353685018053371,0.6835516178736518,0.21526707755521315,0.40896250642013354
32,41,1947,0.991538330950771,0.10283654390750054,0.5859655880842322,0.1850282485875706,0.3364149974319466
32,42,1947,0.9872051872108822,0.13032020869413438,0.4592321520287622,0.1483050847457627,0.2544940934771443
32,43,1947,0.9954073021919527,0.07010087891335391,0.6385464817668207,0.20435285053929123,0.36414997431946583
32,44,1947,0.9946087873607976,0.08239834574574523,0.5402542372881356,0.2006291730868002,0.32794042116076016
32,45,1947,0.9964738192299294,0.057162340018817794,0.5612480739599384,0.1856702619414484,0.31664098613251157
32,46,1947,0.9971157957550918,0.052625259992509596,0.5349255264509502,0.17128916281458653,0.3136877247046739
32,47,340,0.9942153959201254,0.07629303956666414,0.3863970588235294,0.1386029411764706,0.23566176470588235
44,0,1947,0.9681861911798326,0.2387121058585401,0.2864663585002568,0.05007704160246533,0.10400616332819723
44,1,1947,0.9945359334425922,0.07100581419097413,0.4791345659989728,0.1263482280431433,0.22284283513097072
44,2,1947,0.9852870289809733,0.11888900429425546,0.5101438109912686,0.1449024139702106,0.23767334360554698
44,3,1947,0.997032604164149,0.0491740951865,0.70871854134566,0.18220338983050846,0.3385336414997432
44,4,1947,0.9884704346242383,0.08172572797251973,0.6601823317925013,0.1469568567026194,0.27799178222907034
44,5,1947,0.9955571379011481,0.07065738055780157,0.5675398048279404,0.1687211093990755,0.29468412942989214
44,6,1947,0.990898239279565,0.09638620310548635,0.5267719568567026,0.15832049306625579,0.25924499229583975
44,7,1947,0.9947499081267396,0.08817850808535883,0.5071263482280431,0.14920390344119158,0.2513482280431433
44,8,1947,0.9990722723064462,0.030823680063190716,0.6886877247046739,0.21141499743194658,0.3656266050333847
44,9,1947,0.9993774883389559,0.027275222220485725,0.7477529532614279,0.19331022085259372,0.34880585516178736
44,10,1947,0.9980652962388659,0.044458540035891975,0.6794427324088341,0.18175398048279404,0.33866204417051876
44,11,1947,0.9992389776117132,0.0306103165038801,0.7225860297894197,0.1934386235233693,0.370698510529019
44,12,1947,0.9947411560798557,0.09228560518382217,0.5338983050847458,0.1378402670775552,0.24723934257832564
44,13,1947,0.9984923220242259,0.04215966437014171,0.7285567539804828,0.1883025166923472,0.34893425783256293
44,14,1947,0.9982120025792555,0.04904033787530694,0.698959938366718,0.1709039548022599,0.32877503852080125
44,15,1947,0.9990011509170664,0.025579417133495406,0.8504750898818696,0.19093477144324603,0.39881869542886494
44,16,1947,0.9986538055818099,0.037140474324027374,0.8098998459167951,0.18843091936312276,0.3763482280431433
44,17,1947,0.9977651525286002,0.05401910623622901,0.6951078582434514,0.1866974833076528,0.3409732922444787
44,18,1947,0.9920768988300329,0.1118650877280586,0.539291217257319,0.1413713405238829,0.2518618387262455
44,19,1947,0.9970271625494492,0.06345139885753104,0.6667308680020544,0.1947226502311248,0.3447611710323575
44,20,1947,0.9963918535288724,0.07240664663518881,0.6031715459681561,0.1694915254237288,0.28537493579866463
44,21,1947,0.9910140046722657,0.10981882801708123,0.5772342064714946,0.1805341551104263,0.29031843862352336
44,22,1947,0.9715935657306581,0.1919886354973094,0.3731381612737545,0.10041088854648177,0.17616846430405753
44,23,1947,0.9977306084630926,0.05211380495317712,0.7322804314329738,0.18618387262455058,0.3514381099126862
44,24,1947,0.995224603928403,0.0777743214283821,0.6826527991782229,0.17469183359013868,0.3216486902927581
44,25,1947,0.9972511292737097,0.059788440942409884,0.7089111453518233,0.19273240883410375,0.3333333333333333
44,26,1947,0.9927672951162103,0.08932265445628809,0.6498459167950693,0.17128916281458653,0.30752439650744734
44,27,1947,0.9958474780172517,0.0721829393722443,0.6869542886492039,0.18233179250128403,0.3350667693888033
44,28,1947,0.9911773755991076,0.11224747307439459,0.5500128402670775,0.12699024139702106,0.245120698510529
44,29,1947,0.9929129989846218,0.08748201366042652,0.7237416538263995,0.19857473035439138,0.37223934257832564
44,30,1947,0.9888277702319213,0.11633796356211266,0.6440035952747817,0.1730225988700565,0.30617616846430407
44,31,1947,0.9956710103927002,0.0589742739374829,0.8021314843348741,0.19324601951720596,0.37024910118130455
44,32,1947,0.9950092258285266,0.07367249904423537,0.7757447354904982,0.1939522342064715,0.37410118130457115
44,33,1947,0.9922517795942597,0.09796049563691045,0.6687211093990755,0.18759630200308167,0.3405238828967643
44,34,1947,0.9875027208611137,0.1352268542451075,0.5566897791474062,0.1368130457113508,0.2464689265536723
44,35,1947,0.9893177664577791,0.1205932039943554,0.6586414997431946,0.16615305598356445,0.30701078582434516
44,36,1947,0.9877234066620532,0.12360413763332,0.6370698510529019,0.17501284026707756,0.30925783256291733
44,37,1947,0.991699041864097,0.1089233119806133,0.5857729840780688,0.1510657421674371,0.2821648690292758
44,38,1947,0.9742931136525683,0.19430238373292819,0.42648947098099643,0.09784283513097072,0.18945814072932718
44,39,1947,0.9924666158289547,0.07678768408004343,0.7514766307139189,0.18477144324601952,0.3620313302516692
44,40,1947,0.9957298862203556,0.06532772555662376,0.7277863379558295,0.20441705187467898,0.3741653826399589
44,41,1947,0.9930545148159872,0.09163160802579111,0.6415639445300462,0.17745249101181304,0.3127247046738572
44,42,1947,0.9885808264199946,0.11868553178852884,0.5234334874165383,0.12435798664612224,0.23516949152542374
44,43,1947,0.9963708770731651,0.05951908859751125,0.6902285567539805,0.17289419619928095,0.3103492552645095
44,44,1947,0.9956323800177583,0.07215092333732703,0.5996404725218285,0.17347200821777092,0.2899332306111967
44,45,1947,0.9971979614185807,0.04977045837920656,0.6258346173600411,0.16512583461736005,0.2951977401129944
44,46,1947,0.99734458093916,0.04910333818795666,0.5832691319979456,0.1651900359527478,0.2867231638418079
44,47,340,0.9947420685840777,0.07040209939788461,0.43014705882352944,0.125,0.21911764705882353
64,0,1947,0.9709783614790349,0.22224532258455873,0.35150231124807396,0.04551874678993323,0.10053929121725731
64,1,1947,0.9949340859903218,0.06448929222006522,0.5347329224447869,0.12012069851052902,0.2148818695428865
64,2,1947,0.9864162779298546,0.10734937799994397,0.5760143810991268,0.12731124807395994,0.22091679506933745
64,3,1947,0.9973731054955077,0.041773243710734265,0.7623908577298408,0.14997431946584489,0.2727914740626605
64,4,1947,0.9891531578542269,0.07229126783459504,0.7223934257832563,0.12666923472008218,0.23979198767334362
64,5,1947,0.995579056318503,0.06407798746591233,0.6212121212121212,0.15838469440164354,0.2665639445300462
64,6,1947,0.9914657506154152,0.08818216443478823,0.5807010785824345,0.1469568567026194,0.22643810991268618
64,7,1947,0.9953235557743458,0.08144586509997366,0.5575885978428351,0.1348870056497175,0.2309964047252183
64,8,1947,0.9992146708048437,0.027095022626763544,0.7309964047252183,0.19523626091422702,0.3289676425269646
64,9,1947,0.9995484562811146,0.02271611393738709,0.7772855675398048,0.17790190035952747,0.3124678993323061
64,10,1947,0.9982752574240317,0.040085731608069275,0.7229070364663585,0.1821391884951207,0.329417051874679
64,11,1947,0.9993998690148106,0.026486859974810827,0.7611710323574731,0.18843091936312276,0.3560606060606061
64,12,1947,0.9956361723949767,0.08018173339876025,0.6108757062146892,0.13186954288649205,0.23080380071905496
64,13,1947,0.9987762038076028,0.0362243821526829,0.7703518233179251,0.16538263995891114,0.3176040061633282
64,14,1947,0.9980050100095865,0.045066849015023745,0.7529532614278377,0.16647406266050332,0.3061119671289163
64,15,1947,0.9995518518171027,0.01816579610322337,0.8803929121725732,0.15921931176168463,0.3156779661016949
64,16,1947,0.9990372176067475,0.03084053049381261,0.8438623523369286,0.17058294812532102,0.3278120184899846
64,17,1947,0.9982474491831537,0.04814665050002689,0.7447996918335902,0.16762968669748332,0.3200436569080637
64,18,1947,0.9930913418633464,0.10173176243519656,0.593477144324602,0.14856189008731382,0.2486517719568567
64,19,1947,0.9976029327168199,0.05627381690601847,0.7173857216230097,0.1848356445814073,0.3215844889573703
64,20,1947,0.9971410581540802,0.06281627505004107,0.6633923985618901,0.15466101694915255,0.266628145865434
64,21,1947,0.9921706086262987,0.09802687136257086,0.631291730868002,0.16583204930662557,0.27664355418592707
64,22,1947,0.976439226669355,0.16957836735393267,0.45672829994863895,0.0906522855675398,0.16069594247560348
64,23,1947,0.9984139400194278,0.04208895177426671,0.7788906009244992,0.15979712378017463,0.3020672829994864
64,24,1947,0.9960435885439878,0.06829980890563866,0.7301617873651772,0.16801489470980996,0.2899332306111967
64,25,1947,0.997781499246174,0.05184874247213239,0.7507704160246533,0.16775808936825887,0.30656137647663073
64,26,1947,0.993937911646685,0.07543748872144085,0.7076913199794556,0.1603749357986646,0.2985362095531587
64,27,1947,0.9966001787010147,0.061118016878750216,0.7424242424242424,0.1695557267591166,0.31349512069851054
64,28,1947,0.9928939014614513,0.09827744383667608,0.6198638931689779,0.12243194658448896,0.22785053929121726
64,29,1947,0.9943521262343155,0.07596872758471482,0.7626476630713919,0.1778376990241397,0.33140729327170004
64,30,1947,0.9906344510336792,0.09991445882926253,0.7025552131484335,0.15157935285053928,0.26727015921931174
64,31,1947,0.9964179968089678,0.048819807538150684,0.8437981510015409,0.1655110426296867,0.3158063687724705
64,32,1947,0.996357496702778,0.05794689250682832,0.8115048793014895,0.17315100154083204,0.3500898818695429
64,33,1947,0.993385162792003,0.08595645207198141,0.7126348228043143,0.1641628145865434,0.29583975346687214
64,34,1947,0.9891084707331905,0.12367378087109576,0.6097842835130971,0.12628402670775551,0.24422187981510016
64,35,1947,0.9913293334615547,0.10545787306566949,0.7180919363122753,0.15254237288135594,0.2862095531587057
64,36,1947,0.9910948917905763,0.10232030076792353,0.6899717514124294,0.1579994863893169,0.2670775552131484
64,37,1947,0.9928943445798434,0.09605955388846456,0.6432973805855162,0.12743965074473548,0.2406266050333847
64,38,1947,0.9775340038068951,0.1747893917775661,0.4984591679506934,0.09720082177709297,0.1794427324088341
64,39,1947,0.9943083463404108,0.06316526607234402,0.7862737544940934,0.16852850539291217,0.29224447868515663
64,40,1947,0.9969499229144326,0.054628508453555526,0.7649589111453519,0.1808551617873652,0.3011684643040575
64,41,1947,0.99468234773968,0.07580972968318545,0.6996661530559836,0.16705187467899332,0.2829352850539291
64,42,1947,0.9897738862448431,0.10804229819663136,0.5965588084232152,0.12339496661530559,0.22515408320493066
64,43,1947,0.9970469386245702,0.0509891858668934,0.7311890087313816,0.15491782229070364,0.2628402670775552
64,44,1947,0.9962892121715657,0.063021838366485,0.6655752439650745,0.13540061633281972,0.23260143810991268
64,45,1947,0.9970530359292956,0.04589023240728778,0.6859912686183872,0.13533641499743196,0.23825115562403698
64,46,1947,0.9977107198403665,0.043683390782165064,0.6544684129429892,0.14766307139188495,0.2508346173600411
64,47,340,0.994889998059221,0.06731018899026049,0.47352941176470587,0.12022058823529412,0.20698529411764705
