variant,k,layer,recall,samples
fifo,1,0,0.305,1200
fifo,1,1,0.6083333333333333,1200
fifo,1,2,0.5091666666666667,1200
fifo,1,3,0.6566666666666666,1200
fifo,1,4,0.73,1200
fifo,1,5,0.7325,1200
fifo,1,6,0.8033333333333333,1200
fifo,1,7,0.7741666666666667,1200
fifo,1,8,0.7816666666666666,1200
fifo,1,9,0.6808333333333333,1200
fifo,1,10,0.7716666666666666,1200
fifo,1,11,0.655,1200
fifo,1,12,0.72,1200
fifo,1,13,0.6716666666666666,1200
fifo,1,14,0.715,1200
fifo,1,15,0.7791666666666667,1200
fifo,1,16,0.7783333333333333,1200
fifo,1,17,0.6208333333333333,1200
fifo,1,18,0.7216666666666667,1200
fifo,1,19,0.78,1200
fifo,1,20,0.6233333333333333,1200
fifo,1,21,0.74,1200
fifo,1,22,0.4683333333333333,1200
fifo,1,23,0.7533333333333333,1200
fifo,1,24,0.7891666666666667,1200
fifo,1,25,0.6716666666666666,1200
fifo,1,26,0.7558333333333334,1200
fifo,1,27,0.6816666666666666,1200
fifo,1,28,0.7908333333333334,1200
fifo,1,29,0.75,1200
fifo,1,30,0.7333333333333333,1200
fifo,1,31,0.7791666666666667,1200
fifo,1,32,0.7758333333333334,1200
fifo,1,33,0.6583333333333333,1200
fifo,1,34,0.6958333333333333,1200
fifo,1,35,0.7033333333333334,1200
fifo,1,36,0.665,1200
fifo,1,37,0.6466666666666666,1200
fifo,1,38,0.37083333333333335,1200
fifo,1,39,0.805,1200
fifo,1,40,0.7708333333333334,1200
fifo,1,41,0.58,1200
fifo,1,42,0.6558333333333334,1200
fifo,1,43,0.65,1200
fifo,1,44,0.6516666666666666,1200
fifo,1,45,0.5916666666666667,1200
fifo,1,46,0.5433333333333333,1200
fifo,2,0,0.36833333333333335,1200
fifo,2,1,0.4125,1200
fifo,2,2,0.5166666666666667,1200
fifo,2,3,0.5375,1200
fifo,2,4,0.6458333333333334,1200
fifo,2,5,0.7466666666666667,1200
fifo,2,6,0.72,1200
fifo,2,7,0.7166666666666667,1200
fifo,2,8,0.7025,1200
fifo,2,9,0.6258333333333334,1200
fifo,2,10,0.6375,1200
fifo,2,11,0.625,1200
fifo,2,12,0.6175,1200
fifo,2,13,0.555,1200
fifo,2,14,0.7108333333333333,1200
fifo,2,15,0.6758333333333333,1200
fifo,2,16,0.47583333333333333,1200
fifo,2,17,0.69,1200
fifo,2,18,0.6766666666666666,1200
fifo,2,19,0.5875,1200
fifo,2,20,0.4866666666666667,1200
fifo,2,21,0.6008333333333333,1200
fifo,2,22,0.6116666666666667,1200
fifo,2,23,0.7275,1200
fifo,2,24,0.6925,1200
fifo,2,25,0.6216666666666667,1200
fifo,2,26,0.6716666666666666,1200
fifo,2,27,0.6866666666666666,1200
fifo,2,28,0.7041666666666667,1200
fifo,2,29,0.54,1200
fifo,2,30,0.7466666666666667,1200
fifo,2,31,0.6633333333333333,1200
fifo,2,32,0.4716666666666667,1200
fifo,2,33,0.6675,1200
fifo,2,34,0.5875,1200
fifo,2,35,0.615,1200
fifo,2,36,0.4683333333333333,1200
fifo,2,37,0.5125,1200
fifo,2,38,0.38,1200
fifo,2,39,0.6875,1200
fifo,2,40,0.4025,1200
fifo,2,41,0.7391666666666666,1200
fifo,2,42,0.6225,1200
fifo,2,43,0.52,1200
fifo,2,44,0.4241666666666667,1200
fifo,2,45,0.37416666666666665,1200
fifo,3,0,0.1025,1200
fifo,3,1,0.475,1200
fifo,3,2,0.5625,1200
fifo,3,3,0.5625,1200
fifo,3,4,0.6575,1200
fifo,3,5,0.6666666666666666,1200
fifo,3,6,0.6641666666666667,1200
fifo,3,7,0.6458333333333334,1200
fifo,3,8,0.6266666666666667,1200
fifo,3,9,0.5725,1200
fifo,3,10,0.4975,1200
fifo,3,11,0.6025,1200
fifo,3,12,0.5375,1200
fifo,3,13,0.5716666666666667,1200
fifo,3,14,0.6733333333333333,1200
fifo,3,15,0.4225,1200
fifo,3,16,0.6,1200
fifo,3,17,0.6958333333333333,1200
fifo,3,18,0.6666666666666666,1200
fifo,3,19,0.45416666666666666,1200
fifo,3,20,0.8008333333333333,1200
fifo,3,21,0.7116666666666667,1200
fifo,3,22,0.5708333333333333,1200
fifo,3,23,0.5125,1200
fifo,3,24,0.655,1200
fifo,3,25,0.5141666666666667,1200
fifo,3,26,0.6208333333333333,1200
fifo,3,27,0.595,1200
fifo,3,28,0.5583333333333333,1200
fifo,3,29,0.59,1200
fifo,3,30,0.695,1200
fifo,3,31,0.4191666666666667,1200
fifo,3,32,0.555,1200
fifo,3,33,0.5266666666666666,1200
fifo,3,34,0.5791666666666667,1200
fifo,3,35,0.49333333333333335,1200
fifo,3,36,0.6525,1200
fifo,3,37,0.5108333333333334,1200
fifo,3,38,0.4075,1200
fifo,3,39,0.36333333333333334,1200
fifo,3,40,0.6966666666666667,1200
fifo,3,41,0.5158333333333334,1200
fifo,3,42,0.4741666666666667,1200
fifo,3,43,0.35,1200
fifo,3,44,0.335,1200
fifo,4,0,0.18833333333333332,1200
fifo,4,1,0.4525,1200
fifo,4,2,0.5708333333333333,1200
fifo,4,3,0.5666666666666667,1200
fifo,4,4,0.5866666666666667,1200
fifo,4,5,0.5975,1200
fifo,4,6,0.5666666666666667,1200
fifo,4,7,0.5833333333333334,1200
fifo,4,8,0.6575,1200
fifo,4,9,0.3933333333333333,1200
fifo,4,10,0.5016666666666667,1200
fifo,4,11,0.5283333333333333,1200
fifo,4,12,0.515,1200
fifo,4,13,0.5725,1200
fifo,4,14,0.5758333333333333,1200
fifo,4,15,0.5391666666666667,1200
fifo,4,16,0.575,1200
fifo,4,17,0.4725,1200
fifo,4,18,0.6358333333333334,1200
fifo,4,19,0.7133333333333334,1200
fifo,4,20,0.7825,1200
fifo,4,21,0.64,1200
fifo,4,22,0.48583333333333334,1200
fifo,4,23,0.5833333333333334,1200
fifo,4,24,0.6008333333333333,1200
fifo,4,25,0.4775,1200
fifo,4,26,0.5866666666666667,1200
fifo,4,27,0.5525,1200
fifo,4,28,0.5925,1200
fifo,4,29,0.6325,1200
fifo,4,30,0.5775,1200
fifo,4,31,0.5025,1200
fifo,4,32,0.46416666666666667,1200
fifo,4,33,0.49416666666666664,1200
fifo,4,34,0.5958333333333333,1200
fifo,4,35,0.5616666666666666,1200
fifo,4,36,0.6316666666666667,1200
fifo,4,37,0.5166666666666667,1200
fifo,4,38,0.4216666666666667,1200
fifo,4,39,0.6433333333333333,1200
fifo,4,40,0.43416666666666665,1200
fifo,4,41,0.46,1200
fifo,4,42,0.3541666666666667,1200
fifo,4,43,0.22333333333333333,1200
full,1,0,0.3283333333333333,1200
full,1,1,0.6158333333333333,1200
full,1,2,0.5108333333333334,1200
full,1,3,0.6591666666666667,1200
full,1,4,0.7333333333333333,1200
full,1,5,0.7333333333333333,1200
full,1,6,0.8083333333333333,1200
full,1,7,0.775,1200
full,1,8,0.7825,1200
full,1,9,0.6816666666666666,1200
full,1,10,0.7691666666666667,1200
full,1,11,0.6583333333333333,1200
full,1,12,0.7258333333333333,1200
full,1,13,0.6733333333333333,1200
full,1,14,0.7166666666666667,1200
full,1,15,0.7825,1200
full,1,16,0.7808333333333334,1200
full,1,17,0.6225,1200
full,1,18,0.7191666666666666,1200
full,1,19,0.7816666666666666,1200
full,1,20,0.625,1200
full,1,21,0.7441666666666666,1200
full,1,22,0.4716666666666667,1200
full,1,23,0.7525,1200
full,1,24,0.7883333333333333,1200
full,1,25,0.6716666666666666,1200
full,1,26,0.7566666666666667,1200
full,1,27,0.685,1200
full,1,28,0.7933333333333333,1200
full,1,29,0.7491666666666666,1200
full,1,30,0.735,1200
full,1,31,0.7791666666666667,1200
full,1,32,0.7766666666666666,1200
full,1,33,0.6575,1200
full,1,34,0.6966666666666667,1200
full,1,35,0.7091666666666666,1200
full,1,36,0.6683333333333333,1200
full,1,37,0.6466666666666666,1200
full,1,38,0.3725,1200
full,1,39,0.8116666666666666,1200
full,1,40,0.7733333333333333,1200
full,1,41,0.5833333333333334,1200
full,1,42,0.6633333333333333,1200
full,1,43,0.6491666666666667,1200
full,1,44,0.6533333333333333,1200
full,1,45,0.5916666666666667,1200
full,1,46,0.5466666666666666,1200
full,2,0,0.4025,1200
full,2,1,0.41333333333333333,1200
full,2,2,0.5258333333333334,1200
full,2,3,0.54,1200
full,2,4,0.6491666666666667,1200
full,2,5,0.7525,1200
full,2,6,0.7191666666666666,1200
full,2,7,0.7175,1200
full,2,8,0.7025,1200
full,2,9,0.6258333333333334,1200
full,2,10,0.6383333333333333,1200
full,2,11,0.6266666666666667,1200
full,2,12,0.6208333333333333,1200
full,2,13,0.5533333333333333,1200
full,2,14,0.71,1200
full,2,15,0.6758333333333333,1200
full,2,16,0.47833333333333333,1200
full,2,17,0.6908333333333333,1200
full,2,18,0.6741666666666667,1200
full,2,19,0.5875,1200
full,2,20,0.4866666666666667,1200
full,2,21,0.6016666666666667,1200
full,2,22,0.6116666666666667,1200
full,2,23,0.73,1200
full,2,24,0.6925,1200
full,2,25,0.625,1200
full,2,26,0.675,1200
full,2,27,0.6866666666666666,1200
full,2,28,0.7041666666666667,1200
full,2,29,0.5425,1200
full,2,30,0.7466666666666667,1200
full,2,31,0.6641666666666667,1200
full,2,32,0.47333333333333333,1200
full,2,33,0.6691666666666667,1200
full,2,34,0.5891666666666666,1200
full,2,35,0.6166666666666667,1200
full,2,36,0.4683333333333333,1200
full,2,37,0.5108333333333334,1200
full,2,38,0.38083333333333336,1200
full,2,39,0.69,1200
full,2,40,0.4041666666666667,1200
full,2,41,0.7433333333333333,1200
full,2,42,0.6291666666666667,1200
full,2,43,0.5208333333333334,1200
full,2,44,0.43,1200
full,2,45,0.3775,1200
full,3,0,0.12666666666666668,1200
full,3,1,0.4791666666666667,1200
full,3,2,0.5708333333333333,1200
full,3,3,0.5658333333333333,1200
full,3,4,0.6583333333333333,1200
full,3,5,0.6691666666666667,1200
full,3,6,0.665,1200
full,3,7,0.6466666666666666,1200
full,3,8,0.6341666666666667,1200
full,3,9,0.5725,1200
full,3,10,0.4975,1200
full,3,11,0.605,1200
full,3,12,0.54,1200
full,3,13,0.5725,1200
full,3,14,0.6733333333333333,1200
full,3,15,0.4225,1200
full,3,16,0.6016666666666667,1200
full,3,17,0.695,1200
full,3,18,0.6675,1200
full,3,19,0.4558333333333333,1200
full,3,20,0.8008333333333333,1200
full,3,21,0.7141666666666666,1200
full,3,22,0.5741666666666667,1200
full,3,23,0.5166666666666667,1200
full,3,24,0.6558333333333334,1200
full,3,25,0.515,1200
full,3,26,0.6191666666666666,1200
full,3,27,0.5983333333333334,1200
full,3,28,0.5575,1200
full,3,29,0.5925,1200
full,3,30,0.6941666666666667,1200
full,3,31,0.42,1200
full,3,32,0.5541666666666667,1200
full,3,33,0.5275,1200
full,3,34,0.5833333333333334,1200
full,3,35,0.49166666666666664,1200
full,3,36,0.6541666666666667,1200
full,3,37,0.5091666666666667,1200
full,3,38,0.4175,1200
full,3,39,0.3616666666666667,1200
full,3,40,0.7033333333333334,1200
full,3,41,0.52,1200
full,3,42,0.47583333333333333,1200
full,3,43,0.3516666666666667,1200
full,3,44,0.33666666666666667,1200
full,4,0,0.2025,1200
full,4,1,0.4533333333333333,1200
full,4,2,0.575,1200
full,4,3,0.5708333333333333,1200
full,4,4,0.5858333333333333,1200
full,4,5,0.6008333333333333,1200
full,4,6,0.5666666666666667,1200
full,4,7,0.5808333333333333,1200
full,4,8,0.655,1200
full,4,9,0.39416666666666667,1200
full,4,10,0.5033333333333333,1200
full,4,11,0.5275,1200
full,4,12,0.5158333333333334,1200
full,4,13,0.5733333333333334,1200
full,4,14,0.575,1200
full,4,15,0.54,1200
full,4,16,0.5775,1200
full,4,17,0.47333333333333333,1200
full,4,18,0.6366666666666667,1200
full,4,19,0.7125,1200
full,4,20,0.7808333333333334,1200
full,4,21,0.6383333333333333,1200
full,4,22,0.4866666666666667,1200
full,4,23,0.5825,1200
full,4,24,0.6,1200
full,4,25,0.47833333333333333,1200
full,4,26,0.5866666666666667,1200
full,4,27,0.5533333333333333,1200
full,4,28,0.5941666666666666,1200
full,4,29,0.6358333333333334,1200
full,4,30,0.5791666666666667,1200
full,4,31,0.5025,1200
full,4,32,0.46166666666666667,1200
full,4,33,0.4925,1200
full,4,34,0.5975,1200
full,4,35,0.5616666666666666,1200
full,4,36,0.635,1200
full,4,37,0.5166666666666667,1200
full,4,38,0.42916666666666664,1200
full,4,39,0.6441666666666667,1200
full,4,40,0.43333333333333335,1200
full,4,41,0.4625,1200
full,4,42,0.36083333333333334,1200
full,4,43,0.2275,1200
input_only,1,0,0.3016666666666667,1200
input_only,1,1,0.6058333333333333,1200
input_only,1,2,0.5116666666666667,1200
input_only,1,3,0.6541666666666667,1200
input_only,1,4,0.7241666666666666,1200
input_only,1,5,0.7308333333333333,1200
input_only,1,6,0.8016666666666666,1200
input_only,1,7,0.77,1200
input_only,1,8,0.7758333333333334,1200
input_only,1,9,0.6791666666666667,1200
input_only,1,10,0.765,1200
input_only,1,11,0.6525,1200
input_only,1,12,0.7133333333333334,1200
input_only,1,13,0.6658333333333334,1200
input_only,1,14,0.7083333333333334,1200
input_only,1,15,0.7733333333333333,1200
input_only,1,16,0.7783333333333333,1200
input_only,1,17,0.6158333333333333,1200
input_only,1,18,0.7216666666666667,1200
input_only,1,19,0.775,1200
input_only,1,20,0.62,1200
input_only,1,21,0.7383333333333333,1200
input_only,1,22,0.4658333333333333,1200
input_only,1,23,0.7475,1200
input_only,1,24,0.7833333333333333,1200
input_only,1,25,0.67,1200
input_only,1,26,0.7508333333333334,1200
input_only,1,27,0.6816666666666666,1200
input_only,1,28,0.7883333333333333,1200
input_only,1,29,0.7466666666666667,1200
input_only,1,30,0.7325,1200
input_only,1,31,0.7775,1200
input_only,1,32,0.77,1200
input_only,1,33,0.6566666666666666,1200
input_only,1,34,0.695,1200
input_only,1,35,0.7033333333333334,1200
input_only,1,36,0.6608333333333334,1200
input_only,1,37,0.6458333333333334,1200
input_only,1,38,0.3725,1200
input_only,1,39,0.7958333333333333,1200
input_only,1,40,0.7641666666666667,1200
input_only,1,41,0.5716666666666667,1200
input_only,1,42,0.6491666666666667,1200
input_only,1,43,0.6408333333333334,1200
input_only,1,44,0.6441666666666667,1200
input_only,1,45,0.5808333333333333,1200
input_only,1,46,0.5333333333333333,1200
input_only,2,0,0.3591666666666667,1200
input_only,2,1,0.4125,1200
input_only,2,2,0.5183333333333333,1200
input_only,2,3,0.5283333333333333,1200
input_only,2,4,0.6416666666666667,1200
input_only,2,5,0.7416666666666667,1200
input_only,2,6,0.7133333333333334,1200
input_only,2,7,0.7158333333333333,1200
input_only,2,8,0.6975,1200
input_only,2,9,0.6225,1200
input_only,2,10,0.635,1200
input_only,2,11,0.6216666666666667,1200
input_only,2,12,0.6141666666666666,1200
input_only,2,13,0.5508333333333333,1200
input_only,2,14,0.705,1200
input_only,2,15,0.6716666666666666,1200
input_only,2,16,0.47833333333333333,1200
input_only,2,17,0.6841666666666667,1200
input_only,2,18,0.6766666666666666,1200
input_only,2,19,0.5841666666666666,1200
input_only,2,20,0.48583333333333334,1200
input_only,2,21,0.5983333333333334,1200
input_only,2,22,0.6091666666666666,1200
input_only,2,23,0.7216666666666667,1200
input_only,2,24,0.6891666666666667,1200
input_only,2,25,0.6175,1200
input_only,2,26,0.6716666666666666,1200
input_only,2,27,0.6825,1200
input_only,2,28,0.7016666666666667,1200
input_only,2,29,0.5391666666666667,1200
input_only,2,30,0.7458333333333333,1200
input_only,2,31,0.6625,1200
input_only,2,32,0.47583333333333333,1200
input_only,2,33,0.6658333333333334,1200
input_only,2,34,0.5808333333333333,1200
input_only,2,35,0.6141666666666666,1200
input_only,2,36,0.4708333333333333,1200
input_only,2,37,0.51,1200
input_only,2,38,0.37083333333333335,1200
input_only,2,39,0.6833333333333333,1200
input_only,2,40,0.4008333333333333,1200
input_only,2,41,0.7333333333333333,1200
input_only,2,42,0.6091666666666666,1200
input_only,2,43,0.5158333333333334,1200
input_only,2,44,0.41333333333333333,1200
input_only,2,45,0.3566666666666667,1200
input_only,3,0,0.11166666666666666,1200
input_only,3,1,0.47,1200
input_only,3,2,0.5583333333333333,1200
input_only,3,3,0.5533333333333333,1200
input_only,3,4,0.6533333333333333,1200
input_only,3,5,0.6683333333333333,1200
input_only,3,6,0.6666666666666666,1200
input_only,3,7,0.6416666666666667,1200
input_only,3,8,0.6216666666666667,1200
input_only,3,9,0.5683333333333334,1200
input_only,3,10,0.49333333333333335,1200
input_only,3,11,0.5958333333333333,1200
input_only,3,12,0.5391666666666667,1200
input_only,3,13,0.5725,1200
input_only,3,14,0.6666666666666666,1200
input_only,3,15,0.42,1200
input_only,3,16,0.595,1200
input_only,3,17,0.6966666666666667,1200
input_only,3,18,0.6633333333333333,1200
input_only,3,19,0.4525,1200
input_only,3,20,0.8016666666666666,1200
input_only,3,21,0.71,1200
input_only,3,22,0.565,1200
input_only,3,23,0.5083333333333333,1200
input_only,3,24,0.6533333333333333,1200
input_only,3,25,0.5141666666666667,1200
input_only,3,26,0.6175,1200
input_only,3,27,0.5966666666666667,1200
input_only,3,28,0.555,1200
input_only,3,29,0.5866666666666667,1200
input_only,3,30,0.6916666666666667,1200
input_only,3,31,0.4216666666666667,1200
input_only,3,32,0.5575,1200
input_only,3,33,0.5233333333333333,1200
input_only,3,34,0.5783333333333334,1200
input_only,3,35,0.4891666666666667,1200
input_only,3,36,0.6508333333333334,1200
input_only,3,37,0.5108333333333334,1200
input_only,3,38,0.4041666666666667,1200
input_only,3,39,0.35583333333333333,1200
input_only,3,40,0.6908333333333333,1200
input_only,3,41,0.5091666666666667,1200
input_only,3,42,0.4725,1200
input_only,3,43,0.345,1200
input_only,3,44,0.33,1200
input_only,4,0,0.1975,1200
input_only,4,1,0.44916666666666666,1200
input_only,4,2,0.5716666666666667,1200
input_only,4,3,0.56,1200
input_only,4,4,0.585,1200
input_only,4,5,0.5966666666666667,1200
input_only,4,6,0.5633333333333334,1200
input_only,4,7,0.5825,1200
input_only,4,8,0.6541666666666667,1200
input_only,4,9,0.39,1200
input_only,4,10,0.5016666666666667,1200
input_only,4,11,0.5266666666666666,1200
input_only,4,12,0.5058333333333334,1200
input_only,4,13,0.5691666666666667,1200
input_only,4,14,0.5758333333333333,1200
input_only,4,15,0.5325,1200
input_only,4,16,0.5741666666666667,1200
input_only,4,17,0.4716666666666667,1200
input_only,4,18,0.6358333333333334,1200
input_only,4,19,0.7125,1200
input_only,4,20,0.7833333333333333,1200
input_only,4,21,0.6391666666666667,1200
input_only,4,22,0.4841666666666667,1200
input_only,4,23,0.5791666666666667,1200
input_only,4,24,0.595,1200
input_only,4,25,0.48083333333333333,1200
input_only,4,26,0.5825,1200
input_only,4,27,0.5525,1200
input_only,4,28,0.5916666666666667,1200
input_only,4,29,0.63,1200
input_only,4,30,0.5741666666666667,1200
input_only,4,31,0.49916666666666665,1200
input_only,4,32,0.4625,1200
input_only,4,33,0.49166666666666664,1200
input_only,4,34,0.5908333333333333,1200
input_only,4,35,0.56,1200
input_only,4,36,0.6283333333333333,1200
input_only,4,37,0.515,1200
input_only,4,38,0.415,1200
input_only,4,39,0.6408333333333334,1200
input_only,4,40,0.4325,1200
input_only,4,41,0.4533333333333333,1200
input_only,4,42,0.35083333333333333,1200
input_only,4,43,0.22416666666666665,1200
shared_only,1,0,0.305,1200
shared_only,1,1,0.6066666666666667,1200
shared_only,1,2,0.5083333333333333,1200
shared_only,1,3,0.6541666666666667,1200
shared_only,1,4,0.7266666666666667,1200
shared_only,1,5,0.7308333333333333,1200
shared_only,1,6,0.8033333333333333,1200
shared_only,1,7,0.7741666666666667,1200
shared_only,1,8,0.7766666666666666,1200
shared_only,1,9,0.68,1200
shared_only,1,10,0.7658333333333334,1200
shared_only,1,11,0.6566666666666666,1200
shared_only,1,12,0.7166666666666667,1200
shared_only,1,13,0.6675,1200
shared_only,1,14,0.7083333333333334,1200
shared_only,1,15,0.7741666666666667,1200
shared_only,1,16,0.7783333333333333,1200
shared_only,1,17,0.6166666666666667,1200
shared_only,1,18,0.7208333333333333,1200
shared_only,1,19,0.7775,1200
shared_only,1,20,0.62,1200
shared_only,1,21,0.7416666666666667,1200
shared_only,1,22,0.47,1200
shared_only,1,23,0.7491666666666666,1200
shared_only,1,24,0.7858333333333334,1200
shared_only,1,25,0.67,1200
shared_only,1,26,0.7541666666666667,1200
shared_only,1,27,0.6816666666666666,1200
shared_only,1,28,0.7891666666666667,1200
shared_only,1,29,0.7475,1200
shared_only,1,30,0.7333333333333333,1200
shared_only,1,31,0.7775,1200
shared_only,1,32,0.7708333333333334,1200
shared_only,1,33,0.6583333333333333,1200
shared_only,1,34,0.6941666666666667,1200
shared_only,1,35,0.7025,1200
shared_only,1,36,0.6658333333333334,1200
shared_only,1,37,0.6441666666666667,1200
shared_only,1,38,0.37166666666666665,1200
shared_only,1,39,0.7966666666666666,1200
shared_only,1,40,0.7641666666666667,1200
shared_only,1,41,0.5733333333333334,1200
shared_only,1,42,0.6525,1200
shared_only,1,43,0.6483333333333333,1200
shared_only,1,44,0.65,1200
shared_only,1,45,0.59,1200
shared_only,1,46,0.5425,1200
shared_only,2,0,0.36666666666666664,1200
shared_only,2,1,0.41083333333333333,1200
shared_only,2,2,0.5116666666666667,1200
shared_only,2,3,0.5283333333333333,1200
shared_only,2,4,0.6416666666666667,1200
shared_only,2,5,0.745,1200
shared_only,2,6,0.7158333333333333,1200
shared_only,2,7,0.715,1200
shared_only,2,8,0.7,1200
shared_only,2,9,0.6233333333333333,1200
shared_only,2,10,0.6366666666666667,1200
shared_only,2,11,0.6216666666666667,1200
shared_only,2,12,0.615,1200
shared_only,2,13,0.5525,1200
shared_only,2,14,0.7066666666666667,1200
shared_only,2,15,0.6725,1200
shared_only,2,16,0.47833333333333333,1200
shared_only,2,17,0.685,1200
shared_only,2,18,0.6775,1200
shared_only,2,19,0.5841666666666666,1200
shared_only,2,20,0.485,1200
shared_only,2,21,0.6016666666666667,1200
shared_only,2,22,0.6116666666666667,1200
shared_only,2,23,0.7258333333333333,1200
shared_only,2,24,0.6883333333333334,1200
shared_only,2,25,0.6208333333333333,1200
shared_only,2,26,0.6733333333333333,1200
shared_only,2,27,0.6833333333333333,1200
shared_only,2,28,0.7033333333333334,1200
shared_only,2,29,0.5416666666666666,1200
shared_only,2,30,0.7466666666666667,1200
shared_only,2,31,0.6641666666666667,1200
shared_only,2,32,0.475,1200
shared_only,2,33,0.6658333333333334,1200
shared_only,2,34,0.58,1200
shared_only,2,35,0.6141666666666666,1200
shared_only,2,36,0.4691666666666667,1200
shared_only,2,37,0.5133333333333333,1200
shared_only,2,38,0.375,1200
shared_only,2,39,0.685,1200
shared_only,2,40,0.4033333333333333,1200
shared_only,2,41,0.735,1200
shared_only,2,42,0.6158333333333333,1200
shared_only,2,43,0.5183333333333333,1200
shared_only,2,44,0.4225,1200
shared_only,2,45,0.37166666666666665,1200
shared_only,3,0,0.10166666666666667,1200
shared_only,3,1,0.4708333333333333,1200
shared_only,3,2,0.56,1200
shared_only,3,3,0.555,1200
shared_only,3,4,0.6558333333333334,1200
shared_only,3,5,0.67,1200
shared_only,3,6,0.6666666666666666,1200
shared_only,3,7,0.645,1200
shared_only,3,8,0.6216666666666667,1200
shared_only,3,9,0.57,1200
shared_only,3,10,0.49416666666666664,1200
shared_only,3,11,0.595,1200
shared_only,3,12,0.5375,1200
shared_only,3,13,0.5716666666666667,1200
shared_only,3,14,0.6675,1200
shared_only,3,15,0.42083333333333334,1200
shared_only,3,16,0.5958333333333333,1200
shared_only,3,17,0.6966666666666667,1200
shared_only,3,18,0.6641666666666667,1200
shared_only,3,19,0.4525,1200
shared_only,3,20,0.8,1200
shared_only,3,21,0.7108333333333333,1200
shared_only,3,22,0.5675,1200
shared_only,3,23,0.5108333333333334,1200
shared_only,3,24,0.6533333333333333,1200
shared_only,3,25,0.5133333333333333,1200
shared_only,3,26,0.6183333333333333,1200
shared_only,3,27,0.5958333333333333,1200
shared_only,3,28,0.5566666666666666,1200
shared_only,3,29,0.5891666666666666,1200
shared_only,3,30,0.6916666666666667,1200
shared_only,3,31,0.42083333333333334,1200
shared_only,3,32,0.5566666666666666,1200
shared_only,3,33,0.525,1200
shared_only,3,34,0.5783333333333334,1200
shared_only,3,35,0.49166666666666664,1200
shared_only,3,36,0.6491666666666667,1200
shared_only,3,37,0.5116666666666667,1200
shared_only,3,38,0.4091666666666667,1200
shared_only,3,39,0.36083333333333334,1200
shared_only,3,40,0.6916666666666667,1200
shared_only,3,41,0.5133333333333333,1200
shared_only,3,42,0.47333333333333333,1200
shared_only,3,43,0.3466666666666667,1200
shared_only,3,44,0.33166666666666667,1200
shared_only,4,0,0.18833333333333332,1200
shared_only,4,1,0.44916666666666666,1200
shared_only,4,2,0.5683333333333334,1200
shared_only,4,3,0.5633333333333334,1200
shared_only,4,4,0.5858333333333333,1200
shared_only,4,5,0.5966666666666667,1200
shared_only,4,6,0.565,1200
shared_only,4,7,0.5841666666666666,1200
shared_only,4,8,0.6533333333333333,1200
shared_only,4,9,0.3875,1200
shared_only,4,10,0.5025,1200
shared_only,4,11,0.5266666666666666,1200
shared_only,4,12,0.5116666666666667,1200
shared_only,4,13,0.5708333333333333,1200
shared_only,4,14,0.575,1200
shared_only,4,15,0.5333333333333333,1200
shared_only,4,16,0.5733333333333334,1200
shared_only,4,17,0.4716666666666667,1200
shared_only,4,18,0.6358333333333334,1200
shared_only,4,19,0.7125,1200
shared_only,4,20,0.7833333333333333,1200
shared_only,4,21,0.6391666666666667,1200
shared_only,4,22,0.4866666666666667,1200
shared_only,4,23,0.5808333333333333,1200
shared_only,4,24,0.5966666666666667,1200
shared_only,4,25,0.48083333333333333,1200
shared_only,4,26,0.5808333333333333,1200
shared_only,4,27,0.5533333333333333,1200
shared_only,4,28,0.5925,1200
shared_only,4,29,0.6325,1200
shared_only,4,30,0.5758333333333333,1200
shared_only,4,31,0.5,1200
shared_only,4,32,0.4633333333333333,1200
shared_only,4,33,0.49083333333333334,1200
shared_only,4,34,0.5916666666666667,1200
shared_only,4,35,0.5583333333333333,1200
shared_only,4,36,0.6283333333333333,1200
shared_only,4,37,0.5158333333333334,1200
shared_only,4,38,0.4141666666666667,1200
shared_only,4,39,0.6425,1200
shared_only,4,40,0.43416666666666665,1200
shared_only,4,41,0.455,1200
shared_only,4,42,0.3525,1200
shared_only,4,43,0.22083333333333333,1200
