graph_id,layer,hits,misses,pred_hits,pred_total,cpu_experts
1,47,0,0,0,0,10
1,-1,3714601,58,31,0,0,4228,112136,557658
2,-1,3180997,0,0,0,0,0,175799,3004968
3,-1,924975,0,0,0,0,0,58676,866114
4,47,27,3,0,0,1
4,-1,318559,36,19,231,0,716,55663,261990
5,0,24,6,0,0,2
5,1,30,0,0,10,0
5,2,30,0,0,10,0
5,3,30,0,0,10,0
5,4,30,0,0,10,0
5,5,30,0,0,10,0
5,6,30,0,0,10,0
5,7,30,0,0,10,0
5,8,30,0,0,10,0
5,9,30,0,0,10,0
5,10,30,0,0,10,0
5,11,30,0,0,10,0
5,12,30,0,0,10,0
5,13,30,0,0,10,0
5,14,27,3,0,10,1
5,15,30,0,0,10,0
5,16,30,0,0,10,0
5,17,30,0,0,10,0
5,18,27,3,0,10,1
5,19,30,0,0,10,0
5,20,27,3,0,10,1
5,21,27,3,0,10,1
5,22,30,0,0,10,0
5,23,30,0,0,10,0
5,24,30,0,0,10,0
5,25,27,3,0,10,1
5,26,30,0,0,10,0
5,27,30,0,0,10,0
5,28,24,6,0,10,2
5,29,27,3,0,10,1
5,30,30,0,0,10,0
5,31,30,0,0,10,0
5,32,30,0,0,10,0
5,33,27,3,0,10,1
5,34,27,3,0,10,1
5,35,24,6,0,10,2
5,36,27,3,0,10,1
5,37,15,15,0,10,5
5,38,15,15,0,10,5
5,39,30,0,0,10,0
5,40,24,6,0,10,2
5,41,30,0,0,10,0
5,42,27,3,0,10,1
5,43,24,6,0,10,2
5,44,21,9,0,10,3
5,45,24,6,0,10,2
5,46,24,6,0,10,2
5,47,30,0,0,10,0
5,-1,101641,2226,1153,14188,0,9203,61160,30972
6,0,27,3,0,0,1
6,1,30,0,0,10,0
6,2,30,0,0,10,0
6,3,30,0,0,10,0
6,4,24,6,0,10,2
6,5,30,0,0,10,0
6,6,30,0,0,10,0
6,7,30,0,0,10,0
6,8,30,0,0,10,0
6,9,30,0,0,10,0
6,10,30,0,0,10,0
6,11,30,0,0,10,0
6,12,30,0,0,10,0
6,13,30,0,0,10,0
6,14,30,0,0,10,0
6,15,27,3,0,10,1
6,16,30,0,0,10,0
6,17,30,0,0,10,0
6,18,24,6,0,10,2
6,19,30,0,0,10,0
6,20,27,3,0,10,1
6,21,27,3,0,10,1
6,22,30,0,0,10,0
6,23,30,0,0,10,0
6,24,27,3,0,10,1
6,25,30,0,0,10,0
6,26,30,0,0,10,0
6,27,27,3,0,10,1
6,28,30,0,0,10,0
6,29,27,3,0,10,1
6,30,30,0,0,10,0
6,31,30,0,0,10,0
6,32,30,0,0,10,0
6,33,30,0,0,10,0
6,34,27,3,0,10,1
6,35,30,0,0,10,0
6,36,27,3,0,10,1
6,37,27,3,0,10,1
6,38,30,0,0,10,0
6,39,27,3,0,10,1
6,40,27,3,0,10,1
6,41,30,0,0,10,0
6,42,30,0,0,10,0
6,43,30,0,0,10,0
6,44,30,0,0,10,0
6,45,27,3,0,10,1
6,46,21,9,0,10,3
6,47,24,6,0,10,2
6,-1,109670,2655,1102,17257,0,8723,44318,56336
7,0,18,12,0,0,4
7,1,30,0,0,10,0
7,2,30,0,0,10,0
7,3,30,0,0,10,0
7,4,30,0,0,10,0
7,5,27,3,0,10,1
7,6,24,6,0,10,2
7,7,27,3,0,10,1
7,8,30,0,0,10,0
7,9,27,3,0,10,1
7,10,30,0,0,10,0
7,11,30,0,0,10,0
7,12,30,0,0,10,0
7,13,30,0,0,10,0
7,14,30,0,0,10,0
7,15,24,6,0,10,2
7,16,30,0,0,10,0
7,17,30,0,0,10,0
7,18,30,0,0,10,0
7,19,30,0,0,10,0
7,20,27,3,0,10,1
7,21,27,3,0,10,1
7,22,21,9,0,10,3
7,23,24,6,0,10,2
7,24,30,0,0,10,0
7,25,21,9,0,10,3
7,26,30,0,0,10,0
7,27,27,3,0,10,1
7,28,27,3,0,10,1
7,29,24,6,0,10,2
7,30,30,0,0,10,0
7,31,30,0,0,10,0
7,32,30,0,0,10,0
7,33,30,0,0,10,0
7,34,30,0,0,10,0
7,35,30,0,0,10,0
7,36,27,3,0,10,1
7,37,30,0,0,10,0
7,38,27,3,0,10,1
7,39,27,3,0,10,1
7,40,27,3,0,10,1
7,41,24,6,0,10,2
7,42,30,0,0,10,0
7,43,27,3,0,10,1
7,44,27,3,0,10,1
7,45,30,0,0,10,0
7,46,18,12,0,10,4
7,47,27,3,0,10,1
7,-1,55426,1628,1069,11471,0,10100,4759,40285
8,0,21,9,0,0,3
8,1,30,0,0,10,0
8,2,30,0,0,10,0
8,3,30,0,0,10,0
8,4,30,0,0,10,0
8,5,30,0,0,10,0
8,6,30,0,0,10,0
8,7,27,3,0,10,1
8,8,30,0,0,10,0
8,9,30,0,0,10,0
8,10,30,0,0,10,0
8,11,27,3,0,10,1
8,12,30,0,0,10,0
8,13,30,0,0,10,0
8,14,30,0,0,10,0
8,15,30,0,0,10,0
8,16,30,0,0,10,0
8,17,30,0,0,10,0
8,18,30,0,0,10,0
8,19,30,0,0,10,0
8,20,27,3,0,10,1
8,21,27,3,0,10,1
8,22,27,3,0,10,1
8,23,30,0,0,10,0
8,24,27,3,0,10,1
8,25,27,3,0,10,1
8,26,30,0,0,10,0
8,27,30,0,0,10,0
8,28,30,0,0,10,0
8,29,27,3,0,10,1
8,30,27,3,0,10,1
8,31,27,3,0,10,1
8,32,27,3,0,10,1
8,33,30,0,0,10,0
8,34,30,0,0,10,0
8,35,24,6,0,10,2
8,36,30,0,0,10,0
8,37,27,3,0,10,1
8,38,27,3,0,10,1
8,39,30,0,0,10,0
8,40,30,0,0,10,0
8,41,30,0,0,10,0
8,42,30,0,0,10,0
8,43,27,3,0,10,1
8,44,30,0,0,10,0
8,45,24,6,0,10,2
8,46,27,3,0,10,1
8,47,24,6,0,10,2
8,-1,56235,1427,919,11899,0,9690,4425,41828
9,0,3,27,0,0,9
9,1,21,9,0,10,3
9,2,27,3,0,10,1
9,3,30,0,0,10,0
9,4,27,3,0,10,1
9,5,27,3,0,10,1
9,6,24,6,0,10,2
9,7,24,6,0,10,2
9,8,30,0,0,10,0
9,9,27,3,0,10,1
9,10,21,9,0,10,3
9,11,30,0,0,10,0
9,12,21,9,0,10,3
9,13,27,3,0,10,1
9,14,30,0,0,10,0
9,15,27,3,0,10,1
9,16,30,0,0,10,0
9,17,30,0,0,10,0
9,18,27,3,0,10,1
9,19,27,3,0,10,1
9,20,27,3,0,10,1
9,21,21,9,0,10,3
9,22,15,15,0,10,5
9,23,27,3,0,10,1
9,24,27,3,0,10,1
9,25,27,3,0,10,1
9,26,30,0,0,10,0
9,27,30,0,0,10,0
9,28,18,12,0,10,4
9,29,30,0,0,10,0
9,30,21,9,0,10,3
9,31,21,9,0,10,3
9,32,24,6,0,10,2
9,33,27,3,0,10,1
9,34,24,6,0,10,2
9,35,27,3,0,10,1
9,36,24,6,0,10,2
9,37,24,6,0,10,2
9,38,18,12,0,10,4
9,39,27,3,0,10,1
9,40,21,9,0,10,3
9,41,24,6,0,10,2
9,42,24,6,0,10,2
9,43,21,9,0,10,3
9,44,12,18,0,10,6
9,45,21,9,0,10,3
9,46,24,6,0,10,2
9,47,21,9,0,10,3
9,-1,62296,1588,1090,10418,0,17629,4705,39632
10,0,18,12,0,0,4
10,1,27,3,0,10,1
10,2,24,6,0,10,2
10,3,24,6,0,10,2
10,4,24,6,0,10,2
10,5,18,12,0,10,4
10,6,15,15,0,10,5
10,7,21,9,0,10,3
10,8,24,6,0,10,2
10,9,21,9,0,10,3
10,10,27,3,0,10,1
10,11,21,9,0,10,3
10,12,21,9,0,10,3
10,13,24,6,0,10,2
10,14,18,12,0,10,4
10,15,3,27,0,10,9
10,16,6,24,0,10,8
10,17,12,18,0,10,6
10,18,24,6,0,10,2
10,19,24,6,0,10,2
10,20,18,12,0,10,4
10,21,18,12,0,10,4
10,22,27,3,0,10,1
10,23,9,21,0,10,7
10,24,24,6,0,10,2
10,25,21,9,0,10,3
10,26,30,0,0,10,0
10,27,30,0,0,10,0
10,28,27,3,0,10,1
10,29,27,3,0,10,1
10,30,27,3,0,10,1
10,31,12,18,0,10,6
10,32,18,12,0,10,4
10,33,24,6,0,10,2
10,34,24,6,0,10,2
10,35,18,12,0,10,4
10,36,18,12,0,10,4
10,37,12,18,0,10,6
10,38,12,18,0,10,6
10,39,18,12,0,10,4
10,40,18,12,0,10,4
10,41,27,3,0,10,1
10,42,30,0,0,10,0
10,43,9,21,0,10,7
10,44,15,15,0,10,5
10,45,12,18,0,10,6
10,46,12,18,0,10,6
10,47,24,6,0,10,2
10,-1,65825,1467,909,8512,0,24092,4636,36775
11,0,15,15,0,0,5
11,1,18,12,0,10,4
11,2,9,21,0,10,7
11,3,18,12,0,10,4
11,4,6,24,0,10,8
11,5,6,24,0,10,8
11,6,6,24,0,10,8
11,7,9,21,0,10,7
11,8,24,6,0,10,2
11,9,12,18,0,10,6
11,10,24,6,0,10,2
11,11,12,18,0,10,6
11,12,15,15,0,10,5
11,13,24,6,0,10,2
11,14,18,12,0,10,4
11,15,6,24,0,10,8
11,16,6,24,0,10,8
11,17,12,18,0,10,6
11,18,21,9,0,10,3
11,19,18,12,0,10,4
11,20,9,21,0,10,7
11,21,3,27,0,10,9
11,22,6,24,0,10,8
11,23,0,30,0,10,10
11,24,21,9,0,10,3
11,25,18,12,0,10,4
11,26,24,6,0,10,2
11,27,27,3,0,10,1
11,28,21,9,0,10,3
11,29,24,6,0,10,2
11,30,18,12,0,10,4
11,31,6,24,0,10,8
11,32,9,21,0,10,7
11,33,24,6,0,10,2
11,34,21,9,0,10,3
11,35,21,9,0,10,3
11,36,12,18,0,10,6
11,37,12,18,0,10,6
11,38,9,21,0,10,7
11,39,24,6,0,10,2
11,40,12,18,0,10,6
11,41,9,21,0,10,7
11,42,18,12,0,10,4
11,43,15,15,0,10,5
11,44,6,24,0,10,8
11,45,6,24,0,10,8
11,46,6,24,0,10,8
11,47,15,15,0,10,5
11,-1,84383,2695,1222,9508,0,34454,6372,43266
12,0,9,21,0,0,7
12,1,9,21,0,10,7
12,2,18,12,0,10,4
12,3,15,15,0,10,5
12,4,21,9,0,10,3
12,5,9,21,0,10,7
12,6,3,27,0,10,9
12,7,6,24,0,10,8
12,8,27,3,0,10,1
12,9,18,12,0,10,4
12,10,24,6,0,10,2
12,11,27,3,0,10,1
12,12,18,12,0,10,4
12,13,30,0,0,10,0
12,14,18,12,0,10,4
12,15,27,3,0,10,1
12,16,18,12,0,10,4
12,17,24,6,0,10,2
12,18,15,15,0,10,5
12,19,24,6,0,10,2
12,20,12,18,0,10,6
12,21,9,21,0,10,7
12,22,3,27,0,10,9
12,23,9,21,0,10,7
12,24,21,9,0,10,3
12,25,18,12,0,10,4
12,26,27,3,0,10,1
12,27,24,6,0,10,2
12,28,18,12,0,10,4
12,29,30,0,0,10,0
12,30,21,9,0,10,3
12,31,18,12,0,10,4
12,32,21,9,0,10,3
12,33,27,3,0,10,1
12,34,18,12,0,10,4
12,35,9,21,0,10,7
12,36,12,18,0,10,6
12,37,12,18,0,10,6
12,38,3,27,0,10,9
12,39,18,12,0,10,4
12,40,15,15,0,10,5
12,41,15,15,0,10,5
12,42,18,12,0,10,4
12,43,9,21,0,10,7
12,44,12,18,0,10,6
12,45,6,24,0,10,8
12,46,15,15,0,10,5
12,47,15,15,0,10,5
12,-1,74879,1888,928,7235,0,33273,4793,36531
13,0,3,27,0,0,9
13,1,3,27,0,10,9
13,2,9,21,0,10,7
13,3,12,18,0,10,6
13,4,6,24,0,10,8
13,5,9,21,0,10,7
13,6,3,27,0,10,9
13,7,12,18,0,10,6
13,8,15,15,0,10,5
13,9,9,21,0,10,7
13,10,24,6,0,10,2
13,11,18,12,0,10,4
13,12,24,6,0,10,2
13,13,24,6,0,10,2
13,14,15,15,0,10,5
13,15,6,24,0,10,8
13,16,6,24,0,10,8
13,17,18,12,0,10,4
13,18,15,15,0,10,5
13,19,24,6,0,10,2
13,20,6,24,0,10,8
13,21,9,21,0,10,7
13,22,3,27,0,10,9
13,23,3,27,0,10,9
13,24,18,12,0,10,4
13,25,9,21,0,10,7
13,26,24,6,0,10,2
13,27,18,12,0,10,4
13,28,18,12,0,10,4
13,29,27,3,0,10,1
13,30,21,9,0,10,3
13,31,15,15,0,10,5
13,32,24,6,0,10,2
13,33,27,3,0,10,1
13,34,9,21,0,10,7
13,35,24,6,0,10,2
13,36,27,3,0,10,1
13,37,15,15,0,10,5
13,38,6,24,0,10,8
13,39,27,3,0,10,1
13,40,24,6,0,10,2
13,41,18,12,0,10,4
13,42,6,24,0,10,8
13,43,21,9,0,10,3
13,44,18,12,0,10,4
13,45,21,9,0,10,3
13,46,15,15,0,10,5
13,47,6,24,0,10,8
13,-1,77115,1980,1117,6933,0,34129,4997,37695
14,0,15,15,0,0,5
14,1,18,12,0,10,4
14,2,18,12,0,10,4
14,3,30,0,0,10,0
14,4,30,0,0,10,0
14,5,24,6,0,10,2
14,6,27,3,0,10,1
14,7,18,12,0,10,4
14,8,24,6,0,10,2
14,9,24,6,0,10,2
14,10,24,6,0,10,2
14,11,30,0,0,10,0
14,12,27,3,0,10,1
14,13,27,3,0,10,1
14,14,30,0,0,10,0
14,15,30,0,0,10,0
14,16,30,0,0,10,0
14,17,24,6,0,10,2
14,18,12,18,0,10,6
14,19,18,12,0,10,4
14,20,21,9,0,10,3
14,21,9,21,0,10,7
14,22,15,15,0,10,5
14,23,30,0,0,10,0
14,24,18,12,0,10,4
14,25,21,9,0,10,3
14,26,24,6,0,10,2
14,27,24,6,0,10,2
14,28,21,9,0,10,3
14,29,24,6,0,10,2
14,30,24,6,0,10,2
14,31,27,3,0,10,1
14,32,30,0,0,10,0
14,33,18,12,0,10,4
14,34,15,15,0,10,5
14,35,15,15,0,10,5
14,36,12,18,0,10,6
14,37,6,24,0,10,8
14,38,18,12,0,10,4
14,39,30,0,0,10,0
14,40,27,3,0,10,1
14,41,27,3,0,10,1
14,42,15,15,0,10,5
14,43,24,6,0,10,2
14,44,21,9,0,10,3
14,45,27,3,0,10,1
14,46,21,9,0,10,3
14,47,15,15,0,10,5
14,-1,70102,1560,963,9013,0,27361,4696,37766
15,0,18,12,0,0,4
15,1,21,9,0,10,3
15,2,21,9,0,10,3
15,3,12,18,0,10,6
15,4,15,15,0,10,5
15,5,12,18,0,10,6
15,6,21,9,0,10,3
15,7,15,15,0,10,5
15,8,18,12,0,10,4
15,9,21,9,0,10,3
15,10,21,9,0,10,3
15,11,27,3,0,10,1
15,12,18,12,0,10,4
15,13,24,6,0,10,2
15,14,24,6,0,10,2
15,15,27,3,0,10,1
15,16,30,0,0,10,0
15,17,27,3,0,10,1
15,18,15,15,0,10,5
15,19,24,6,0,10,2
15,20,9,21,0,10,7
15,21,9,21,0,10,7
15,22,18,12,0,10,4
15,23,24,6,0,10,2
15,24,21,9,0,10,3
15,25,30,0,0,10,0
15,26,27,3,0,10,1
15,27,27,3,0,10,1
15,28,18,12,0,10,4
15,29,27,3,0,10,1
15,30,30,0,0,10,0
15,31,30,0,0,10,0
15,32,27,3,0,10,1
15,33,30,0,0,10,0
15,34,15,15,0,10,5
15,35,12,18,0,10,6
15,36,12,18,0,10,6
15,37,15,15,0,10,5
15,38,15,15,0,10,5
15,39,24,6,0,10,2
15,40,24,6,0,10,2
15,41,15,15,0,10,5
15,42,24,6,0,10,2
15,43,24,6,0,10,2
15,44,18,12,0,10,4
15,45,24,6,0,10,2
15,46,21,9,0,10,3
15,47,27,3,0,10,1
15,-1,74093,1483,976,8006,0,33574,4327,35926
16,0,12,18,0,0,6
16,1,21,9,0,10,3
16,2,18,12,0,10,4
16,3,18,12,0,10,4
16,4,12,18,0,10,6
16,5,18,12,0,10,4
16,6,18,12,0,10,4
16,7,21,9,0,10,3
16,8,15,15,0,10,5
16,9,21,9,0,10,3
16,10,15,15,0,10,5
16,11,21,9,0,10,3
16,12,18,12,0,10,4
16,13,3,27,0,10,9
16,14,6,24,0,10,8
16,15,30,0,0,10,0
16,16,30,0,0,10,0
16,17,12,18,0,10,6
16,18,18,12,0,10,4
16,19,18,12,0,10,4
16,20,15,15,0,10,5
16,21,18,12,0,10,4
16,22,12,18,0,10,6
16,23,27,3,0,10,1
16,24,18,12,0,10,4
16,25,24,6,0,10,2
16,26,15,15,0,10,5
16,27,21,9,0,10,3
16,28,12,18,0,10,6
16,29,15,15,0,10,5
16,30,18,12,0,10,4
16,31,30,0,0,10,0
16,32,18,12,0,10,4
16,33,15,15,0,10,5
16,34,12,18,0,10,6
16,35,9,21,0,10,7
16,36,24,6,0,10,2
16,37,15,15,0,10,5
16,38,15,15,0,10,5
16,39,27,3,0,10,1
16,40,30,0,0,10,0
16,41,18,12,0,10,4
16,42,27,3,0,10,1
16,43,27,3,0,10,1
16,44,27,3,0,10,1
16,45,27,3,0,10,1
16,46,24,6,0,10,2
16,47,30,0,0,10,0
16,-1,72963,1602,1073,8321,0,29878,4950,37830
17,0,21,9,0,0,3
17,1,27,3,0,10,1
17,2,15,15,0,10,5
17,3,24,6,0,10,2
17,4,18,12,0,10,4
17,5,18,12,0,10,4
17,6,18,12,0,10,4
17,7,21,9,0,10,3
17,8,18,12,0,10,4
17,9,18,12,0,10,4
17,10,15,15,0,10,5
17,11,24,6,0,10,2
17,12,21,9,0,10,3
17,13,18,12,0,10,4
17,14,27,3,0,10,1
17,15,15,15,0,10,5
17,16,18,12,0,10,4
17,17,12,18,0,10,6
17,18,18,12,0,10,4
17,19,21,9,0,10,3
17,20,15,15,0,10,5
17,21,21,9,0,10,3
17,22,27,3,0,10,1
17,23,18,12,0,10,4
17,24,24,6,0,10,2
17,25,24,6,0,10,2
17,26,27,3,0,10,1
17,27,27,3,0,10,1
17,28,27,3,0,10,1
17,29,24,6,0,10,2
17,30,27,3,0,10,1
17,31,18,12,0,10,4
17,32,18,12,0,10,4
17,33,15,15,0,10,5
17,34,24,6,0,10,2
17,35,24,6,0,10,2
17,36,27,3,0,10,1
17,37,24,6,0,10,2
17,38,24,6,0,10,2
17,39,30,0,0,10,0
17,40,24,6,0,10,2
17,41,27,3,0,10,1
17,42,27,3,0,10,1
17,43,27,3,0,10,1
17,44,27,3,0,10,1
17,45,27,3,0,10,1
17,46,27,3,0,10,1
17,47,30,0,0,10,0
17,-1,65622,1401,1019,10047,0,21367,4582,39386
18,0,9,21,0,0,7
18,1,21,9,0,10,3
18,2,18,12,0,10,4
18,3,24,6,0,10,2
18,4,24,6,0,10,2
18,5,21,9,0,10,3
18,6,21,9,0,10,3
18,7,21,9,0,10,3
18,8,21,9,0,10,3
18,9,30,0,0,10,0
18,10,21,9,0,10,3
18,11,18,12,0,10,4
18,12,24,6,0,10,2
18,13,12,18,0,10,6
18,14,21,9,0,10,3
18,15,27,3,0,10,1
18,16,27,3,0,10,1
18,17,18,12,0,10,4
18,18,21,9,0,10,3
18,19,21,9,0,10,3
18,20,24,6,0,10,2
18,21,24,6,0,10,2
18,22,21,9,0,10,3
18,23,27,3,0,10,1
18,24,18,12,0,10,4
18,25,30,0,0,10,0
18,26,21,9,0,10,3
18,27,24,6,0,10,2
18,28,15,15,0,10,5
18,29,21,9,0,10,3
18,30,27,3,0,10,1
18,31,30,0,0,10,0
18,32,27,3,0,10,1
18,33,27,3,0,10,1
18,34,21,9,0,10,3
18,35,24,6,0,10,2
18,36,30,0,0,10,0
18,37,24,6,0,10,2
18,38,15,15,0,10,5
18,39,27,3,0,10,1
18,40,30,0,0,10,0
18,41,27,3,0,10,1
18,42,21,9,0,10,3
18,43,27,3,0,10,1
18,44,30,0,0,10,0
18,45,21,9,0,10,3
18,46,21,9,0,10,3
18,47,30,0,0,10,0
18,-1,60245,1496,1162,9784,0,15308,4665,39964
19,0,12,18,0,0,6
19,1,15,15,0,10,5
19,2,24,6,0,10,2
19,3,24,6,0,10,2
19,4,27,3,0,10,1
19,5,27,3,0,10,1
19,6,18,12,0,10,4
19,7,15,15,0,10,5
19,8,27,3,0,10,1
19,9,24,6,0,10,2
19,10,18,12,0,10,4
19,11,18,12,0,10,4
19,12,18,12,0,10,4
19,13,12,18,0,10,6
19,14,21,9,0,10,3
19,15,21,9,0,10,3
19,16,24,6,0,10,2
19,17,18,12,0,10,4
19,18,18,12,0,10,4
19,19,21,9,0,10,3
19,20,21,9,0,10,3
19,21,15,15,0,10,5
19,22,6,24,0,10,8
19,23,24,6,0,10,2
19,24,24,6,0,10,2
19,25,27,3,0,10,1
19,26,18,12,0,10,4
19,27,24,6,0,10,2
19,28,12,18,0,10,6
19,29,15,15,0,10,5
19,30,24,6,0,10,2
19,31,18,12,0,10,4
19,32,27,3,0,10,1
19,33,15,15,0,10,5
19,34,18,12,0,10,4
19,35,21,9,0,10,3
19,36,21,9,0,10,3
19,37,21,9,0,10,3
19,38,9,21,0,10,7
19,39,21,9,0,10,3
19,40,24,6,0,10,2
19,41,24,6,0,10,2
19,42,15,15,0,10,5
19,43,27,3,0,10,1
19,44,18,12,0,10,4
19,45,30,0,0,10,0
19,46,21,9,0,10,3
19,47,27,3,0,10,1
19,-1,74289,2047,1234,10942,0,25410,5715,42866
20,0,15,15,0,0,5
20,1,21,9,0,10,3
20,2,24,6,0,10,2
20,3,30,0,0,10,0
20,4,24,6,0,10,2
20,5,24,6,0,10,2
20,6,12,18,0,10,6
20,7,18,12,0,10,4
20,8,21,9,0,10,3
20,9,27,3,0,10,1
20,10,18,12,0,10,4
20,11,24,6,0,10,2
20,12,15,15,0,10,5
20,13,27,3,0,10,1
20,14,27,3,0,10,1
20,15,30,0,0,10,0
20,16,30,0,0,10,0
20,17,21,9,0,10,3
20,18,12,18,0,10,6
20,19,12,18,0,10,6
20,20,18,12,0,10,4
20,21,3,27,0,10,9
20,22,6,24,0,10,8
20,23,21,9,0,10,3
20,24,21,9,0,10,3
20,25,30,0,0,10,0
20,26,21,9,0,10,3
20,27,27,3,0,10,1
20,28,15,15,0,10,5
20,29,18,12,0,10,4
20,30,18,12,0,10,4
20,31,30,0,0,10,0
20,32,30,0,0,10,0
20,33,12,18,0,10,6
20,34,6,24,0,10,8
20,35,15,15,0,10,5
20,36,18,12,0,10,4
20,37,9,21,0,10,7
20,38,9,21,0,10,7
20,39,21,9,0,10,3
20,40,15,15,0,10,5
20,41,18,12,0,10,4
20,42,6,24,0,10,8
20,43,15,15,0,10,5
20,44,15,15,0,10,5
20,45,21,9,0,10,3
20,46,15,15,0,10,5
20,47,9,21,0,10,7
20,-1,67433,1513,1122,8122,0,25462,4603,37083
21,0,15,15,0,0,5
21,1,18,12,0,10,4
21,2,15,15,0,10,5
21,3,30,0,0,10,0
21,4,27,3,0,10,1
21,5,27,3,0,10,1
21,6,21,9,0,10,3
21,7,12,18,0,10,6
21,8,15,15,0,10,5
21,9,27,3,0,10,1
21,10,15,15,0,10,5
21,11,24,6,0,10,2
21,12,27,3,0,10,1
21,13,12,18,0,10,6
21,14,24,6,0,10,2
21,15,27,3,0,10,1
21,16,30,0,0,10,0
21,17,21,9,0,10,3
21,18,12,18,0,10,6
21,19,18,12,0,10,4
21,20,21,9,0,10,3
21,21,9,21,0,10,7
21,22,15,15,0,10,5
21,23,18,12,0,10,4
21,24,15,15,0,10,5
21,25,21,9,0,10,3
21,26,21,9,0,10,3
21,27,30,0,0,10,0
21,28,24,6,0,10,2
21,29,24,6,0,10,2
21,30,27,3,0,10,1
21,31,30,0,0,10,0
21,32,30,0,0,10,0
21,33,21,9,0,10,3
21,34,12,18,0,10,6
21,35,21,9,0,10,3
21,36,15,15,0,10,5
21,37,6,24,0,10,8
21,38,18,12,0,10,4
21,39,27,3,0,10,1
21,40,27,3,0,10,1
21,41,27,3,0,10,1
21,42,18,12,0,10,4
21,43,24,6,0,10,2
21,44,21,9,0,10,3
21,45,21,9,0,10,3
21,46,18,12,0,10,4
21,47,12,18,0,10,6
21,-1,63811,1539,1032,9173,0,20127,4625,38764
22,0,15,15,0,0,5
22,1,24,6,0,10,2
22,2,12,18,0,10,6
22,3,21,9,0,10,3
22,4,9,21,0,10,7
22,5,12,18,0,10,6
22,6,21,9,0,10,3
22,7,24,6,0,10,2
22,8,15,15,0,10,5
22,9,15,15,0,10,5
22,10,18,12,0,10,4
22,11,15,15,0,10,5
22,12,9,21,0,10,7
22,13,9,21,0,10,7
22,14,24,6,0,10,2
22,15,12,18,0,10,6
22,16,15,15,0,10,5
22,17,21,9,0,10,3
22,18,18,12,0,10,4
22,19,24,6,0,10,2
22,20,24,6,0,10,2
22,21,21,9,0,10,3
22,22,30,0,0,10,0
22,23,18,12,0,10,4
22,24,12,18,0,10,6
22,25,21,9,0,10,3
22,26,18,12,0,10,4
22,27,21,9,0,10,3
22,28,18,12,0,10,4
22,29,6,24,0,10,8
22,30,18,12,0,10,4
22,31,18,12,0,10,4
22,32,15,15,0,10,5
22,33,15,15,0,10,5
22,34,9,21,0,10,7
22,35,18,12,0,10,4
22,36,18,12,0,10,4
22,37,6,24,0,10,8
22,38,12,18,0,10,6
22,39,12,18,0,10,6
22,40,18,12,0,10,4
22,41,27,3,0,10,1
22,42,21,9,0,10,3
22,43,18,12,0,10,4
22,44,21,9,0,10,3
22,45,18,12,0,10,4
22,46,18,12,0,10,4
22,47,27,3,0,10,1
22,-1,78216,2066,1063,9372,0,32387,5221,40234
23,0,15,15,0,0,5
23,1,15,15,0,10,5
23,2,6,24,0,10,8
23,3,15,15,0,10,5
23,4,6,24,0,10,8
23,5,9,21,0,10,7
23,6,6,24,0,10,8
23,7,9,21,0,10,7
23,8,21,9,0,10,3
23,9,9,21,0,10,7
23,10,18,12,0,10,4
23,11,9,21,0,10,7
23,12,12,18,0,10,6
23,13,15,15,0,10,5
23,14,18,12,0,10,4
23,15,3,27,0,10,9
23,16,3,27,0,10,9
23,17,6,24,0,10,8
23,18,21,9,0,10,3
23,19,18,12,0,10,4
23,20,6,24,0,10,8
23,21,3,27,0,10,9
23,22,6,24,0,10,8
23,23,3,27,0,10,9
23,24,15,15,0,10,5
23,25,12,18,0,10,6
23,26,21,9,0,10,3
23,27,12,18,0,10,6
23,28,9,21,0,10,7
23,29,18,12,0,10,4
23,30,12,18,0,10,6
23,31,3,27,0,10,9
23,32,3,27,0,10,9
23,33,9,21,0,10,7
23,34,12,18,0,10,6
23,35,12,18,0,10,6
23,36,6,24,0,10,8
23,37,3,27,0,10,9
23,38,12,18,0,10,6
23,39,18,12,0,10,4
23,40,12,18,0,10,6
23,41,12,18,0,10,6
23,42,12,18,0,10,6
23,43,12,18,0,10,6
23,44,6,24,0,10,8
23,45,0,30,0,10,10
23,46,9,21,0,10,7
23,47,12,18,0,10,6
23,-1,74884,1556,989,4840,0,36271,4772,33534
24,0,9,21,0,0,7
24,1,3,27,0,10,9
24,2,6,24,0,10,8
24,3,12,18,0,10,6
24,4,12,18,0,10,6
24,5,9,21,0,10,7
24,6,6,24,0,10,8
24,7,6,24,0,10,8
24,8,21,9,0,10,3
24,9,15,15,0,10,5
24,10,15,15,0,10,5
24,11,21,9,0,10,3
24,12,6,24,0,10,8
24,13,6,24,0,10,8
24,14,6,24,0,10,8
24,15,9,21,0,10,7
24,16,6,24,0,10,8
24,17,15,15,0,10,5
24,18,12,18,0,10,6
24,19,21,9,0,10,3
24,20,6,24,0,10,8
24,21,6,24,0,10,8
24,22,6,24,0,10,8
24,23,0,30,0,10,10
24,24,18,12,0,10,4
24,25,21,9,0,10,3
24,26,27,3,0,10,1
24,27,30,0,0,10,0
24,28,24,6,0,10,2
24,29,27,3,0,10,1
24,30,27,3,0,10,1
24,31,30,0,0,10,0
24,32,30,0,0,10,0
24,33,30,0,0,10,0
24,34,27,3,0,10,1
24,35,30,0,0,10,0
24,36,21,9,0,10,3
24,37,24,6,0,10,2
24,38,30,0,0,10,0
24,39,24,6,0,10,2
24,40,27,3,0,10,1
24,41,27,3,0,10,1
24,42,21,9,0,10,3
24,43,24,6,0,10,2
24,44,21,9,0,10,3
24,45,18,12,0,10,4
24,46,15,15,0,10,5
24,47,9,21,0,10,7
24,-1,71477,1675,1161,8470,0,28158,4984,38035
25,0,3,27,0,0,9
25,1,3,27,0,10,9
25,2,3,27,0,10,9
25,3,9,21,0,10,7
25,4,6,24,0,10,8
25,5,6,24,0,10,8
25,6,3,27,0,10,9
25,7,9,21,0,10,7
25,8,12,18,0,10,6
25,9,9,21,0,10,7
25,10,21,9,0,10,3
25,11,15,15,0,10,5
25,12,15,15,0,10,5
25,13,24,6,0,10,2
25,14,18,12,0,10,4
25,15,6,24,0,10,8
25,16,3,27,0,10,9
25,17,9,21,0,10,7
25,18,9,21,0,10,7
25,19,21,9,0,10,3
25,20,3,27,0,10,9
25,21,6,24,0,10,8
25,22,12,18,0,10,6
25,23,3,27,0,10,9
25,24,15,15,0,10,5
25,25,9,21,0,10,7
25,26,21,9,0,10,3
25,27,18,12,0,10,4
25,28,18,12,0,10,4
25,29,21,9,0,10,3
25,30,21,9,0,10,3
25,31,9,21,0,10,7
25,32,6,24,0,10,8
25,33,12,18,0,10,6
25,34,9,21,0,10,7
25,35,24,6,0,10,2
25,36,6,24,0,10,8
25,37,9,21,0,10,7
25,38,9,21,0,10,7
25,39,18,12,0,10,4
25,40,9,21,0,10,7
25,41,12,18,0,10,6
25,42,18,12,0,10,4
25,43,9,21,0,10,7
25,44,18,12,0,10,4
25,45,6,24,0,10,8
25,46,12,18,0,10,6
25,47,18,12,0,10,4
25,-1,69756,1567,1172,5620,0,29727,4657,35076
26,0,12,18,0,0,6
26,1,15,15,0,10,5
26,2,9,21,0,10,7
26,3,21,9,0,10,3
26,4,18,12,0,10,4
26,5,15,15,0,10,5
26,6,18,12,0,10,4
26,7,15,15,0,10,5
26,8,27,3,0,10,1
26,9,18,12,0,10,4
26,10,18,12,0,10,4
26,11,15,15,0,10,5
26,12,15,15,0,10,5
26,13,9,21,0,10,7
26,14,24,6,0,10,2
26,15,9,21,0,10,7
26,16,15,15,0,10,5
26,17,12,18,0,10,6
26,18,15,15,0,10,5
26,19,18,12,0,10,4
26,20,9,21,0,10,7
26,21,12,18,0,10,6
26,22,12,18,0,10,6
26,23,6,24,0,10,8
26,24,9,21,0,10,7
26,25,12,18,0,10,6
26,26,21,9,0,10,3
26,27,18,12,0,10,4
26,28,15,15,0,10,5
26,29,24,6,0,10,2
26,30,21,9,0,10,3
26,31,12,18,0,10,6
26,32,15,15,0,10,5
26,33,15,15,0,10,5
26,34,21,9,0,10,3
26,35,24,6,0,10,2
26,36,12,18,0,10,6
26,37,9,21,0,10,7
26,38,12,18,0,10,6
26,39,6,24,0,10,8
26,40,15,15,0,10,5
26,41,18,12,0,10,4
26,42,21,9,0,10,3
26,43,9,21,0,10,7
26,44,12,18,0,10,6
26,45,18,12,0,10,4
26,46,12,18,0,10,6
26,47,21,9,0,10,3
26,-1,72748,1596,965,6885,0,32252,4692,35499
27,0,3,27,0,0,9
27,1,6,24,0,10,8
27,2,6,24,0,10,8
27,3,12,18,0,10,6
27,4,3,27,0,10,9
27,5,12,18,0,10,6
27,6,0,30,0,10,10
27,7,9,21,0,10,7
27,8,12,18,0,10,6
27,9,6,24,0,10,8
27,10,9,21,0,10,7
27,11,12,18,0,10,6
27,12,15,15,0,10,5
27,13,24,6,0,10,2
27,14,12,18,0,10,6
27,15,6,24,0,10,8
27,16,6,24,0,10,8
27,17,9,21,0,10,7
27,18,6,24,0,10,8
27,19,15,15,0,10,5
27,20,6,24,0,10,8
27,21,3,27,0,10,9
27,22,3,27,0,10,9
27,23,3,27,0,10,9
27,24,15,15,0,10,5
27,25,12,18,0,10,6
27,26,12,18,0,10,6
27,27,18,12,0,10,4
27,28,15,15,0,10,5
27,29,18,12,0,10,4
27,30,18,12,0,10,4
27,31,12,18,0,10,6
27,32,12,18,0,10,6
27,33,9,21,0,10,7
27,34,9,21,0,10,7
27,35,6,24,0,10,8
27,36,18,12,0,10,4
27,37,3,27,0,10,9
27,38,3,27,0,10,9
27,39,21,9,0,10,3
27,40,24,6,0,10,2
27,41,12,18,0,10,6
27,42,3,27,0,10,9
27,43,15,15,0,10,5
27,44,21,9,0,10,3
27,45,24,6,0,10,2
27,46,9,21,0,10,7
27,47,12,18,0,10,6
27,-1,75386,1471,1012,4650,0,37926,4317,32855
28,0,15,15,0,0,5
28,1,18,12,0,10,4
28,2,6,24,0,10,8
28,3,24,6,0,10,2
28,4,27,3,0,10,1
28,5,24,6,0,10,2
28,6,18,12,0,10,4
28,7,9,21,0,10,7
28,8,15,15,0,10,5
28,9,21,9,0,10,3
28,10,12,18,0,10,6
28,11,15,15,0,10,5
28,12,18,12,0,10,4
28,13,6,24,0,10,8
28,14,15,15,0,10,5
28,15,30,0,0,10,0
28,16,27,3,0,10,1
28,17,15,15,0,10,5
28,18,12,18,0,10,6
28,19,12,18,0,10,6
28,20,18,12,0,10,4
28,21,12,18,0,10,6
28,22,15,15,0,10,5
28,23,21,9,0,10,3
28,24,12,18,0,10,6
28,25,15,15,0,10,5
28,26,15,15,0,10,5
28,27,21,9,0,10,3
28,28,21,9,0,10,3
28,29,12,18,0,10,6
28,30,18,12,0,10,4
28,31,30,0,0,10,0
28,32,27,3,0,10,1
28,33,9,21,0,10,7
28,34,15,15,0,10,5
28,35,18,12,0,10,4
28,36,9,21,0,10,7
28,37,6,24,0,10,8
28,38,18,12,0,10,4
28,39,27,3,0,10,1
28,40,27,3,0,10,1
28,41,27,3,0,10,1
28,42,15,15,0,10,5
28,43,24,6,0,10,2
28,44,21,9,0,10,3
28,45,24,6,0,10,2
28,46,18,12,0,10,4
28,47,12,18,0,10,6
28,-1,68765,1552,1028,8040,0,27156,4615,36691
29,0,21,9,0,0,3
29,1,24,6,0,10,2
29,2,21,9,0,10,3
29,3,30,0,0,10,0
29,4,30,0,0,10,0
29,5,24,6,0,10,2
29,6,30,0,0,10,0
29,7,21,9,0,10,3
29,8,24,6,0,10,2
29,9,21,9,0,10,3
29,10,15,15,0,10,5
29,11,30,0,0,10,0
29,12,30,0,0,10,0
29,13,24,6,0,10,2
29,14,24,6,0,10,2
29,15,30,0,0,10,0
29,16,30,0,0,10,0
29,17,21,9,0,10,3
29,18,21,9,0,10,3
29,19,27,3,0,10,1
29,20,21,9,0,10,3
29,21,30,0,0,10,0
29,22,27,3,0,10,1
29,23,30,0,0,10,0
29,24,21,9,0,10,3
29,25,21,9,0,10,3
29,26,27,3,0,10,1
29,27,30,0,0,10,0
29,28,30,0,0,10,0
29,29,24,6,0,10,2
29,30,27,3,0,10,1
29,31,30,0,0,10,0
29,32,30,0,0,10,0
29,33,27,3,0,10,1
29,34,30,0,0,10,0
29,35,30,0,0,10,0
29,36,27,3,0,10,1
29,37,30,0,0,10,0
29,38,30,0,0,10,0
29,39,27,3,0,10,1
29,40,27,3,0,10,1
29,41,24,6,0,10,2
29,42,30,0,0,10,0
29,43,27,3,0,10,1
29,44,27,3,0,10,1
29,45,24,6,0,10,2
29,46,24,6,0,10,2
29,47,18,12,0,10,4
29,-1,58363,1425,886,10188,0,14235,4341,39504
30,0,21,9,0,0,3
30,1,30,0,0,10,0
30,2,24,6,0,10,2
30,3,27,3,0,10,1
30,4,30,0,0,10,0
30,5,24,6,0,10,2
30,6,27,3,0,10,1
30,7,27,3,0,10,1
30,8,21,9,0,10,3
30,9,24,6,0,10,2
30,10,21,9,0,10,3
30,11,27,3,0,10,1
30,12,24,6,0,10,2
30,13,27,3,0,10,1
30,14,24,6,0,10,2
30,15,24,6,0,10,2
30,16,30,0,0,10,0
30,17,18,12,0,10,4
30,18,27,3,0,10,1
30,19,27,3,0,10,1
30,20,24,6,0,10,2
30,21,30,0,0,10,0
30,22,30,0,0,10,0
30,23,30,0,0,10,0
30,24,30,0,0,10,0
30,25,27,3,0,10,1
30,26,30,0,0,10,0
30,27,27,3,0,10,1
30,28,30,0,0,10,0
30,29,24,6,0,10,2
30,30,27,3,0,10,1
30,31,30,0,0,10,0
30,32,30,0,0,10,0
30,33,30,0,0,10,0
30,34,30,0,0,10,0
30,35,24,6,0,10,2
30,36,24,6,0,10,2
30,37,27,3,0,10,1
30,38,30,0,0,10,0
30,39,27,3,0,10,1
30,40,27,3,0,10,1
30,41,30,0,0,10,0
30,42,30,0,0,10,0
30,43,21,9,0,10,3
30,44,24,6,0,10,2
30,45,24,6,0,10,2
30,46,24,6,0,10,2
30,47,15,15,0,10,5
30,-1,59002,1645,825,10517,0,14339,4171,40194
31,0,24,6,0,0,2
31,1,30,0,0,10,0
31,2,24,6,0,10,2
31,3,30,0,0,10,0
31,4,27,3,0,10,1
31,5,30,0,0,10,0
31,6,27,3,0,10,1
31,7,30,0,0,10,0
31,8,27,3,0,10,1
31,9,30,0,0,10,0
31,10,30,0,0,10,0
31,11,27,3,0,10,1
31,12,30,0,0,10,0
31,13,27,3,0,10,1
31,14,30,0,0,10,0
31,15,30,0,0,10,0
31,16,30,0,0,10,0
31,17,30,0,0,10,0
31,18,30,0,0,10,0
31,19,30,0,0,10,0
31,20,24,6,0,10,2
31,21,24,6,0,10,2
31,22,27,3,0,10,1
31,23,24,6,0,10,2
31,24,24,6,0,10,2
31,25,27,3,0,10,1
31,26,30,0,0,10,0
31,27,27,3,0,10,1
31,28,27,3,0,10,1
31,29,24,6,0,10,2
31,30,30,0,0,10,0
31,31,30,0,0,10,0
31,32,30,0,0,10,0
31,33,30,0,0,10,0
31,34,27,3,0,10,1
31,35,24,6,0,10,2
31,36,24,6,0,10,2
31,37,18,12,0,10,4
31,38,27,3,0,10,1
31,39,21,9,0,10,3
31,40,24,6,0,10,2
31,41,27,3,0,10,1
31,42,27,3,0,10,1
31,43,21,9,0,10,3
31,44,18,12,0,10,4
31,45,18,12,0,10,4
31,46,18,12,0,10,4
31,47,21,9,0,10,3
31,-1,58880,1563,954,11524,0,13356,4634,40606
32,0,12,18,0,0,6
32,1,30,0,0,10,0
32,2,27,3,0,10,1
32,3,27,3,0,10,1
32,4,15,15,0,10,5
32,5,21,9,0,10,3
32,6,21,9,0,10,3
32,7,27,3,0,10,1
32,8,24,6,0,10,2
32,9,21,9,0,10,3
32,10,27,3,0,10,1
32,11,24,6,0,10,2
32,12,15,15,0,10,5
32,13,18,12,0,10,4
32,14,24,6,0,10,2
32,15,24,6,0,10,2
32,16,30,0,0,10,0
32,17,30,0,0,10,0
32,18,21,9,0,10,3
32,19,24,6,0,10,2
32,20,27,3,0,10,1
32,21,24,6,0,10,2
32,22,24,6,0,10,2
32,23,12,18,0,10,6
32,24,18,12,0,10,4
32,25,21,9,0,10,3
32,26,24,6,0,10,2
32,27,21,9,0,10,3
32,28,21,9,0,10,3
32,29,15,15,0,10,5
32,30,21,9,0,10,3
32,31,21,9,0,10,3
32,32,24,6,0,10,2
32,33,24,6,0,10,2
32,34,18,12,0,10,4
32,35,27,3,0,10,1
32,36,15,15,0,10,5
32,37,9,21,0,10,7
32,38,15,15,0,10,5
32,39,15,15,0,10,5
32,40,18,12,0,10,4
32,41,15,15,0,10,5
32,42,24,6,0,10,2
32,43,3,27,0,10,9
32,44,12,18,0,10,6
32,45,9,21,0,10,7
32,46,12,18,0,10,6
32,47,24,6,0,10,2
32,-1,67276,1693,1055,8730,0,24300,4635,38043
33,0,15,15,0,0,5
33,1,15,15,0,10,5
33,2,9,21,0,10,7
33,3,15,15,0,10,5
33,4,3,27,0,10,9
33,5,6,24,0,10,8
33,6,9,21,0,10,7
33,7,3,27,0,10,9
33,8,18,12,0,10,4
33,9,9,21,0,10,7
33,10,18,12,0,10,4
33,11,12,18,0,10,6
33,12,9,21,0,10,7
33,13,12,18,0,10,6
33,14,12,18,0,10,6
33,15,3,27,0,10,9
33,16,3,27,0,10,9
33,17,12,18,0,10,6
33,18,18,12,0,10,4
33,19,18,12,0,10,4
33,20,3,27,0,10,9
33,21,6,24,0,10,8
33,22,6,24,0,10,8
33,23,9,21,0,10,7
33,24,12,18,0,10,6
33,25,12,18,0,10,6
33,26,21,9,0,10,3
33,27,15,15,0,10,5
33,28,15,15,0,10,5
33,29,12,18,0,10,6
33,30,9,21,0,10,7
33,31,3,27,0,10,9
33,32,3,27,0,10,9
33,33,15,15,0,10,5
33,34,15,15,0,10,5
33,35,15,15,0,10,5
33,36,6,24,0,10,8
33,37,6,24,0,10,8
33,38,15,15,0,10,5
33,39,21,9,0,10,3
33,40,15,15,0,10,5
33,41,18,12,0,10,4
33,42,3,27,0,10,9
33,43,6,24,0,10,8
33,44,6,24,0,10,8
33,45,3,27,0,10,9
33,46,9,21,0,10,7
33,47,12,18,0,10,6
33,-1,74107,1614,1035,4525,0,36016,4411,33373
34,0,9,21,0,0,7
34,1,3,27,0,10,9
34,2,6,24,0,10,8
34,3,12,18,0,10,6
34,4,15,15,0,10,5
34,5,6,24,0,10,8
34,6,6,24,0,10,8
34,7,6,24,0,10,8
34,8,15,15,0,10,5
34,9,9,21,0,10,7
34,10,15,15,0,10,5
34,11,15,15,0,10,5
34,12,6,24,0,10,8
34,13,6,24,0,10,8
34,14,18,12,0,10,4
34,15,24,6,0,10,2
34,16,30,0,0,10,0
34,17,30,0,0,10,0
34,18,18,12,0,10,4
34,19,27,3,0,10,1
34,20,24,6,0,10,2
34,21,24,6,0,10,2
34,22,15,15,0,10,5
34,23,30,0,0,10,0
34,24,27,3,0,10,1
34,25,24,6,0,10,2
34,26,24,6,0,10,2
34,27,30,0,0,10,0
34,28,21,9,0,10,3
34,29,30,0,0,10,0
34,30,30,0,0,10,0
34,31,30,0,0,10,0
34,32,30,0,0,10,0
34,33,30,0,0,10,0
34,34,27,3,0,10,1
34,35,27,3,0,10,1
34,36,18,12,0,10,4
34,37,18,12,0,10,4
34,38,18,12,0,10,4
34,39,21,9,0,10,3
34,40,21,9,0,10,3
34,41,21,9,0,10,3
34,42,18,12,0,10,4
34,43,15,15,0,10,5
34,44,12,18,0,10,6
34,45,6,24,0,10,8
34,46,18,12,0,10,4
34,47,15,15,0,10,5
34,-1,69789,1701,995,8067,0,27199,4493,37793
35,0,3,27,0,0,9
35,1,3,27,0,10,9
35,2,6,24,0,10,8
35,3,9,21,0,10,7
35,4,3,27,0,10,9
35,5,9,21,0,10,7
35,6,3,27,0,10,9
35,7,9,21,0,10,7
35,8,15,15,0,10,5
35,9,9,21,0,10,7
35,10,21,9,0,10,3
35,11,18,12,0,10,4
35,12,18,12,0,10,4
35,13,18,12,0,10,4
35,14,12,18,0,10,6
35,15,6,24,0,10,8
35,16,3,27,0,10,9
35,17,12,18,0,10,6
35,18,9,21,0,10,7
35,19,15,15,0,10,5
35,20,3,27,0,10,9
35,21,6,24,0,10,8
35,22,15,15,0,10,5
35,23,3,27,0,10,9
35,24,15,15,0,10,5
35,25,9,21,0,10,7
35,26,18,12,0,10,4
35,27,12,18,0,10,6
35,28,18,12,0,10,4
35,29,18,12,0,10,4
35,30,15,15,0,10,5
35,31,6,24,0,10,8
35,32,15,15,0,10,5
35,33,18,12,0,10,4
35,34,6,24,0,10,8
35,35,18,12,0,10,4
35,36,9,21,0,10,7
35,37,9,21,0,10,7
35,38,15,15,0,10,5
35,39,15,15,0,10,5
35,40,12,18,0,10,6
35,41,18,12,0,10,4
35,42,18,12,0,10,4
35,43,18,12,0,10,4
35,44,18,12,0,10,4
35,45,9,21,0,10,7
35,46,12,18,0,10,6
35,47,15,15,0,10,5
35,-1,68174,1511,1013,4936,0,29520,4553,33802
36,0,12,18,0,0,6
36,1,18,12,0,10,4
36,2,12,18,0,10,6
36,3,18,12,0,10,4
36,4,18,12,0,10,4
36,5,15,15,0,10,5
36,6,12,18,0,10,6
36,7,15,15,0,10,5
36,8,21,9,0,10,3
36,9,12,18,0,10,6
36,10,21,9,0,10,3
36,11,21,9,0,10,3
36,12,18,12,0,10,4
36,13,21,9,0,10,3
36,14,18,12,0,10,4
36,15,6,24,0,10,8
36,16,15,15,0,10,5
36,17,12,18,0,10,6
36,18,18,12,0,10,4
36,19,18,12,0,10,4
36,20,12,18,0,10,6
36,21,12,18,0,10,6
36,22,9,21,0,10,7
36,23,3,27,0,10,9
36,24,6,24,0,10,8
36,25,6,24,0,10,8
36,26,18,12,0,10,4
36,27,15,15,0,10,5
36,28,18,12,0,10,4
36,29,18,12,0,10,4
36,30,18,12,0,10,4
36,31,9,21,0,10,7
36,32,9,21,0,10,7
36,33,15,15,0,10,5
36,34,18,12,0,10,4
36,35,12,18,0,10,6
36,36,9,21,0,10,7
36,37,9,21,0,10,7
36,38,21,9,0,10,3
36,39,12,18,0,10,6
36,40,12,18,0,10,6
36,41,21,9,0,10,3
36,42,18,12,0,10,4
36,43,9,21,0,10,7
36,44,18,12,0,10,4
36,45,6,24,0,10,8
36,46,15,15,0,10,5
36,47,9,21,0,10,7
36,-1,68925,1588,1120,6263,0,27984,4662,35976
37,0,3,27,0,0,9
37,1,6,24,0,10,8
37,2,6,24,0,10,8
37,3,21,9,0,10,3
37,4,12,18,0,10,6
37,5,18,12,0,10,4
37,6,15,15,0,10,5
37,7,6,24,0,10,8
37,8,15,15,0,10,5
37,9,15,15,0,10,5
37,10,9,21,0,10,7
37,11,18,12,0,10,4
37,12,12,18,0,10,6
37,13,15,15,0,10,5
37,14,18,12,0,10,4
37,15,24,6,0,10,2
37,16,24,6,0,10,2
37,17,21,9,0,10,3
37,18,15,15,0,10,5
37,19,18,12,0,10,4
37,20,21,9,0,10,3
37,21,12,18,0,10,6
37,22,9,21,0,10,7
37,23,9,21,0,10,7
37,24,9,21,0,10,7
37,25,21,9,0,10,3
37,26,15,15,0,10,5
37,27,21,9,0,10,3
37,28,15,15,0,10,5
37,29,18,12,0,10,4
37,30,21,9,0,10,3
37,31,15,15,0,10,5
37,32,18,12,0,10,4
37,33,15,15,0,10,5
37,34,12,18,0,10,6
37,35,15,15,0,10,5
37,36,9,21,0,10,7
37,37,12,18,0,10,6
37,38,9,21,0,10,7
37,39,6,24,0,10,8
37,40,9,21,0,10,7
37,41,9,21,0,10,7
37,42,15,15,0,10,5
37,43,3,27,0,10,9
37,44,12,18,0,10,6
37,45,6,24,0,10,8
37,46,15,15,0,10,5
37,47,15,15,0,10,5
37,-1,83881,1442,1104,5811,0,44943,4474,34175
38,0,3,27,0,0,9
38,1,6,24,0,10,8
38,2,6,24,0,10,8
38,3,12,18,0,10,6
38,4,3,27,0,10,9
38,5,12,18,0,10,6
38,6,0,30,0,10,10
38,7,9,21,0,10,7
38,8,12,18,0,10,6
38,9,9,21,0,10,7
38,10,12,18,0,10,6
38,11,12,18,0,10,6
38,12,18,12,0,10,4
38,13,18,12,0,10,4
38,14,15,15,0,10,5
38,15,6,24,0,10,8
38,16,9,21,0,10,7
38,17,12,18,0,10,6
38,18,9,21,0,10,7
38,19,15,15,0,10,5
38,20,9,21,0,10,7
38,21,3,27,0,10,9
38,22,3,27,0,10,9
38,23,6,24,0,10,8
38,24,9,21,0,10,7
38,25,15,15,0,10,5
38,26,12,18,0,10,6
38,27,12,18,0,10,6
38,28,18,12,0,10,4
38,29,21,9,0,10,3
38,30,15,15,0,10,5
38,31,3,27,0,10,9
38,32,12,18,0,10,6
38,33,9,21,0,10,7
38,34,9,21,0,10,7
38,35,6,24,0,10,8
38,36,6,24,0,10,8
38,37,9,21,0,10,7
38,38,3,27,0,10,9
38,39,12,18,0,10,6
38,40,15,15,0,10,5
38,41,9,21,0,10,7
38,42,9,21,0,10,7
38,43,12,18,0,10,6
38,44,21,9,0,10,3
38,45,15,15,0,10,5
38,46,9,21,0,10,7
38,47,0,30,0,10,10
38,-1,71136,1553,1112,5268,0,32920,4426,33486
39,0,6,24,0,0,8
39,1,15,15,0,10,5
39,2,12,18,0,10,6
39,3,24,6,0,10,2
39,4,24,6,0,10,2
39,5,21,9,0,10,3
39,6,15,15,0,10,5
39,7,12,18,0,10,6
39,8,9,21,0,10,7
39,9,18,12,0,10,4
39,10,15,15,0,10,5
39,11,21,9,0,10,3
39,12,18,12,0,10,4
39,13,12,18,0,10,6
39,14,12,18,0,10,6
39,15,21,9,0,10,3
39,16,24,6,0,10,2
39,17,12,18,0,10,6
39,18,15,15,0,10,5
39,19,12,18,0,10,6
39,20,24,6,0,10,2
39,21,6,24,0,10,8
39,22,15,15,0,10,5
39,23,12,18,0,10,6
39,24,15,15,0,10,5
39,25,15,15,0,10,5
39,26,24,6,0,10,2
39,27,27,3,0,10,1
39,28,18,12,0,10,4
39,29,9,21,0,10,7
39,30,24,6,0,10,2
39,31,12,18,0,10,6
39,32,18,12,0,10,4
39,33,21,9,0,10,3
39,34,18,12,0,10,4
39,35,18,12,0,10,4
39,36,21,9,0,10,3
39,37,9,21,0,10,7
39,38,21,9,0,10,3
39,39,21,9,0,10,3
39,40,18,12,0,10,4
39,41,24,6,0,10,2
39,42,18,12,0,10,4
39,43,21,9,0,10,3
39,44,18,12,0,10,4
39,45,18,12,0,10,4
39,46,18,12,0,10,4
39,47,12,18,0,10,6
39,-1,65783,1499,951,6755,0,26027,4348,35116
