slots,layer,events,recall8,recall16,recall32,residual_events,residual_recall8,residual_recall16,residual_recall32
16,1,1867,0.8962908409212641,0.9924343867166577,0.9985940010712373,1865,0.8830307672666922,0.9911860079152305,0.9977658623771225
16,2,1867,0.8775441885377611,0.9903588644884842,0.9969201928227103,1863,0.8732126881885336,0.9896959588988575,0.9969308335250364
16,3,1867,0.8430637386181039,0.9686663095875736,0.9922335297268345,1831,0.785365790226522,0.9588911861850147,0.9916465111440536
16,4,1867,0.9309721478307446,0.9965184788430638,0.9997321906802357,1843,0.9187072061597293,0.9961172260548278,0.9997642301630364
16,5,1867,0.9122254954472415,0.9931039100160686,0.9985940010712373,1855,0.9008766525478116,0.9929758695931202,0.9985849056603774
16,6,1867,0.952664702731655,0.9994643813604713,1.0,1864,0.9456021357040669,0.9995209993868792,1.0
16,7,1867,0.9124263524370648,0.9911622924477772,0.995915907873594,1861,0.9044970701875593,0.9910551162969218,0.9959027404621171
16,8,1867,0.9236073915372255,0.9994643813604713,1.0,1833,0.8939372093627413,0.9991725768321513,1.0
16,9,1867,0.9168452062131762,0.9971210498125335,0.9985270487412962,1799,0.9027581460599804,0.9963683527885863,0.9979386696312766
16,10,1867,0.925682913765399,0.9984600964113551,0.9998660953401178,1856,0.9114166410098522,0.9981988916256157,0.9998556804187192
16,11,1867,0.911756829137654,0.998393144081414,1.0,1839,0.9008299023796577,0.9976332893135502,1.0
16,12,1867,0.9519951794322442,0.9996652383502946,1.0,1865,0.9455004468275245,0.9996553044810418,1.0
16,13,1867,0.9242769148366363,0.9987279057311195,0.999933047670059,1828,0.9012712305928937,0.9978880118787121,0.9999316192560175
16,14,1867,0.9102169255490091,0.9977236207820032,1.0,1839,0.9055037675755457,0.9977614645640748,1.0
16,15,1867,0.8751339046598822,0.9813202999464381,0.9965184788430638,1774,0.8310778708326624,0.9817247812315456,0.9969882428732485
16,16,1867,0.9022495982860204,0.9938403856454204,0.9997321906802357,1786,0.8728223484242522,0.9927891537354023,0.9996400575907854
16,17,1867,0.9224692019282271,0.9974558114622389,0.9997321906802357,1849,0.9125131988977311,0.996585026655335,0.99969739112519
16,18,1867,0.9521290840921264,0.9997321906802357,1.0,1864,0.953319793582669,0.9996819435928878,1.0
16,19,1867,0.890532940546331,0.9941751472951259,1.0,1852,0.863207729095958,0.9963912886969042,1.0
16,20,1867,0.914301017675415,0.9969871451526513,1.0,1841,0.8999469749877137,0.9963037686557512,1.0
16,21,1867,0.9359266202463846,0.9977905731119443,0.9997321906802357,1823,0.9335364260899094,0.997464279183972,0.9996473630593213
16,22,1867,0.9325790037493304,0.998326191751473,1.0,1863,0.9319530710835059,0.9981085295094958,1.0
16,23,1867,0.9107525441885378,0.9925013390465989,0.9985270487412962,1842,0.8698994364303811,0.9842329765782536,0.997117522361822
16,24,1867,0.9575522228173541,0.9998660953401178,1.0,1854,0.9445664457800379,0.9998247033441208,1.0
16,25,1867,0.8784815211569362,0.9908944831280129,0.9985940010712373,1836,0.8435950306048345,0.9877528789293494,0.9985702614379085
16,26,1867,0.9099491162292448,0.9955141938939475,1.0,1858,0.8899431031831463,0.9953194679378748,1.0
16,27,1867,0.8858462774504553,0.9841322978039636,0.9989287627209427,1857,0.8686578454752929,0.9824217247480576,0.9989229940764675
16,28,1867,0.9357257632565613,0.9986609534011783,1.0,1862,0.9304498491125776,0.9985678481919085,1.0
16,29,1867,0.9224692019282271,0.9967862881628281,1.0,1826,0.9022160068846815,0.9980832420591457,1.0
16,30,1867,0.9190546331012319,0.9939742903053026,0.9986609534011783,1858,0.9090567174124763,0.9938996104362089,0.998654467168999
16,31,1867,0.8706480985538296,0.9811863952865559,0.9920326727370112,1791,0.8174689585493605,0.9758614501076813,0.9898201324080721
16,32,1867,0.9185859667916444,0.9943760042849491,0.9998660953401178,1810,0.9085345961589056,0.9934129176532492,0.9998618784530386
16,33,1867,0.9201258703802893,0.9976566684520621,0.9998660953401178,1855,0.9122737774355025,0.9974740084713131,0.9998652291105121
16,34,1867,0.9464381360471344,0.9945099089448313,0.9986609534011783,1863,0.943719806763285,0.9918142780461621,0.9973161567364466
16,35,1867,0.8761381896089984,0.9894884841992502,0.9987279057311195,1864,0.835956979358267,0.9855201307991008,0.9984620886981401
16,36,1867,0.9258837707552223,0.997589716122121,0.9998660953401178,1839,0.9138332168103783,0.99715748724721,0.9998640565524741
16,37,1867,0.9410149973219069,0.9973219068023568,0.9996652383502946,1861,0.9348615695606561,0.9971188045341727,0.9996641590542719
16,38,1867,0.9230048205677558,0.9963176218532405,0.9990626673808248,1866,0.9177155106415558,0.9963328739856071,0.9989887970193437
16,39,1867,0.919121585431173,0.9929700053561864,0.999933047670059,1813,0.8772161374202191,0.9891425682242009,0.9999310535024821
16,40,1867,0.9169121585431173,0.995112479914301,0.9996652383502946,1803,0.8815314423051528,0.9940264902411324,0.9996394897393233
16,41,1867,0.933851098018211,0.9978575254418853,0.999933047670059,1823,0.92510840320769,0.9978332419089413,0.9999314317059792
16,42,1867,0.9410819496518479,0.9985270487412962,0.9995982860203535,1826,0.9385385698638712,0.9984333437646691,0.9995892661555312
16,43,1867,0.9173808248527049,0.9900241028387788,0.9971880021424746,1834,0.9125571220854753,0.9894940800747781,0.9972737186477645
16,44,1867,0.9394081414033209,0.9993304767005892,0.999933047670059,1825,0.9351448140900196,0.9992641878669276,0.9999315068493151
16,45,1867,0.908476164970541,0.9902919121585431,0.998326191751473,1823,0.872707859885589,0.98481702060967,0.9978626283206645
16,46,1867,0.9135645420460632,0.9907605784681307,0.9993974290305303,1845,0.8997277068008775,0.9900322622273842,0.9992037682281585
16,47,340,0.8356617647058824,0.9511029411764705,0.9794117647058823,340,0.8356617647058824,0.9511029411764705,0.9794117647058823
22,1,1867,0.906869309051955,0.9924343867166577,0.9985940010712373,1861,0.8955937667920473,0.9918240321383792,0.9980745119111589
22,2,1867,0.8838377075522228,0.9904927691483664,0.9969871451526513,1860,0.8718804403481824,0.9892325908858166,0.9969802867383512
22,3,1867,0.8453401178361007,0.9733529726834493,0.9928361006963042,1796,0.7677365044013152,0.9611994909322303,0.992329515325061
22,4,1867,0.937064809855383,0.9973888591322978,0.999933047670059,1825,0.9366405740378344,0.9967658186562296,0.9999217221135029
22,5,1867,0.9181842528119979,0.9932378146759507,0.9985940010712373,1851,0.9109188083661343,0.9929401095932701,0.998581847649919
22,6,1867,0.9544724156400642,0.9995982860203535,1.0,1857,0.943457830089494,0.999586506654358,1.0
22,7,1867,0.920728441349759,0.9912961971076594,0.995915907873594,1860,0.9193612391193037,0.9912346390168971,0.9959005376344086
22,8,1867,0.9266871987145152,0.9993974290305303,1.0,1829,0.8953734801739176,0.9993712411153636,1.0
22,9,1867,0.9183181574718801,0.9973219068023568,0.9985270487412962,1781,0.905431672949921,0.9965655998502713,0.9979459105371514
22,10,1867,0.9340519550080343,0.9986609534011783,0.999933047670059,1834,0.9207314223399283,0.9982000051929167,0.999922106247079
22,11,1867,0.9163095875736476,0.9985940010712373,1.0,1767,0.8809907834101384,0.9977638989947989,1.0
22,12,1867,0.9523968934118907,0.9997321906802357,1.0,1856,0.949043000821018,0.9997306034482759,1.0
22,13,1867,0.9244777718264595,0.9989287627209427,0.999933047670059,1789,0.8884272937794458,0.9983823098831484,0.9999301285634432
22,14,1867,0.9174477771826459,0.9977236207820032,1.0,1843,0.9137935043795055,0.997766323024055,1.0
22,15,1867,0.8945500803427959,0.9872121049812533,0.9979914301017675,1684,0.8647501696640653,0.9834464427101007,0.9971793349168646
22,16,1867,0.9205275843599358,0.9941751472951259,0.9997321906802357,1743,0.8725773843674016,0.9933400267737617,0.999550583285523
22,17,1867,0.924009105516872,0.9981922870915908,0.9997991430101768,1840,0.9074495341614907,0.9973583074534161,0.9997554347826086
22,18,1867,0.96163631494376,0.9997321906802357,1.0,1856,0.9608034431444992,0.9996901939655172,1.0
22,19,1867,0.8968934118907338,0.9941751472951259,1.0,1851,0.8670319775668236,0.996191247974068,1.0
22,20,1867,0.9185859667916444,0.9969201928227103,1.0,1860,0.9175992063492064,0.9960963901689709,1.0
22,21,1867,0.932980717728977,0.9977905731119443,0.9998660953401178,1800,0.9285066137566138,0.9976005291005291,0.9998194444444444
22,22,1867,0.9321103374397429,0.998326191751473,1.0,1863,0.929997699562917,0.9981085295094958,1.0
22,23,1867,0.9138993036957687,0.9939073379753616,0.9985270487412962,1807,0.873262708514507,0.9821342925659473,0.9941892639734367
22,24,1867,0.9637787895018747,0.9998660953401178,1.0,1847,0.9549327094129477,0.999751849846598,1.0
22,25,1867,0.8873861810391002,0.9923674343867167,0.9985940010712373,1781,0.8532238442822384,0.9930362824523408,0.9985261089275688
22,26,1867,0.921598821638993,0.9967862881628281,1.0,1851,0.9029109104473773,0.9963076586658434,1.0
22,27,1867,0.8966925549009106,0.9856722013926085,0.9989287627209427,1821,0.8648145968986167,0.985886875343218,0.9989017023613399
22,28,1867,0.9422870915907874,0.9987279057311195,1.0,1857,0.9359534066723081,0.9981601148806319,1.0
22,29,1867,0.9236743438671666,0.9981253347616497,1.0,1807,0.8990394497588742,0.9972329828444937,1.0
22,30,1867,0.9148366363149437,0.992635243706481,0.9986609534011783,1836,0.8964402427637722,0.9908632897603485,0.9984438219732337
22,31,1867,0.8767407605784682,0.9829941081949651,0.9933717193358329,1686,0.8127421905891656,0.9755881771451167,0.9899663898774219
22,32,1867,0.9242769148366363,0.9949785752544189,0.9998660953401178,1696,0.9139670372866128,0.9942195923180593,0.9998525943396226
22,33,1867,0.9268211033743974,0.9979244777718265,0.9998660953401178,1805,0.9201279514575913,0.9977555731433848,0.9998614958448754
22,34,1867,0.9483797536154258,0.9945099089448313,0.9986609534011783,1858,0.942543185196576,0.9917922497308934,0.9973089343379978
22,35,1867,0.877410283877879,0.9900241028387788,0.9987279057311195,1826,0.8255711156313565,0.9853055077452668,0.9984939759036144
22,36,1867,0.9294991965720407,0.9981253347616497,0.9998660953401178,1795,0.9270519962859796,0.9980302427377636,0.9998607242339833
22,37,1867,0.9434922335297269,0.99752276379218,0.9996652383502946,1851,0.9387113786627563,0.9972659566257621,0.9996623446785521
22,38,1867,0.9238752008569898,0.9966523835029459,0.999196572040707,1866,0.9211523248098811,0.9965848772520798,0.9991463788087582
22,39,1867,0.9197911087305838,0.9929030530262453,0.999933047670059,1747,0.8790702428653201,0.9841122195873198,0.9999284487693189
22,40,1867,0.9313069094804499,0.9957150508837708,0.9993974290305303,1746,0.9296289477990509,0.9949251350024545,0.9993986254295533
22,41,1867,0.9392072844134975,0.9977236207820032,0.999933047670059,1813,0.9209899403776954,0.9977687600136581,0.9999310535024821
22,42,1867,0.9384708087841457,0.9985940010712373,0.9995982860203535,1823,0.9306043152313038,0.9985176187864067,0.999588590235875
22,43,1867,0.9193893947509373,0.9900241028387788,0.9973219068023568,1768,0.9019500107735403,0.9884891456582634,0.9971719457013575
22,44,1867,0.9481788966256026,0.999129619710766,0.9998660953401178,1754,0.9459202095889668,0.9990918716403323,0.9999287343215507
22,45,1867,0.9148366363149437,0.9920996250669524,0.9982592394215318,1816,0.8966514579400041,0.9886753985735264,0.997574470316761
22,46,1867,0.9132967327262989,0.9925013390465989,0.9993974290305303,1846,0.9072550688747872,0.9917879069287521,0.9992138729814786
22,47,340,0.8356617647058824,0.9511029411764705,0.9794117647058823,340,0.8356617647058824,0.9511029411764705,0.9794117647058823
32,1,1867,0.9082083556507766,0.9965184788430638,0.999933047670059,1858,0.8979637603157518,0.9952887129017377,0.9998205956225331
32,2,1867,0.8876539903588645,0.9906936261381896,0.9970540974825924,1848,0.8775477994227995,0.9899756493506493,0.9970238095238095
32,3,1867,0.8620112479914301,0.9778387787895019,0.9927021960364221,1751,0.7775488836311223,0.9673064371379619,0.9916224742324113
32,4,1867,0.9426218532404927,0.9977236207820032,1.0,1741,0.9391352807636553,0.9971568064330844,1.0
32,5,1867,0.9242769148366363,0.9935056239957151,0.9985940010712373,1841,0.9062414319339904,0.9932554770957812,0.998574144486692
32,6,1867,0.9567487948580611,0.9997321906802357,1.0,1832,0.9438409752547308,0.9997075795383656,1.0
32,7,1867,0.925682913765399,0.9912961971076594,0.995915907873594,1851,0.9195827223379899,0.99119201975766,0.9958806050783361
32,8,1867,0.9290974825923942,0.9993974290305303,1.0,1789,0.8811120870930821,0.9993385504005962,1.0
32,9,1867,0.9258168184252812,0.9987279057311195,0.999933047670059,1609,0.8936392021071946,0.9984351416141348,0.999922311995028
32,10,1867,0.9359935725763256,0.9988618103910016,0.999933047670059,1799,0.8979591836734695,0.9986149712803408,0.9999073559384845
32,11,1867,0.9261515800749867,0.9988618103910016,1.0,1720,0.8957558139534884,0.9983624031007752,1.0
32,12,1867,0.9565479378682378,0.9996652383502946,1.0,1856,0.9493354885057471,0.9996408045977012,1.0
32,13,1867,0.9321103374397429,0.9988618103910016,0.999933047670059,1739,0.8983357978038828,0.998422054273118,0.9999281196089707
32,14,1867,0.9244777718264595,0.9978575254418853,1.0,1753,0.9094844212642275,0.9976516447993916,1.0
32,15,1867,0.9050615961435458,0.9850026780931976,0.9979914301017675,1484,0.8394966949043768,0.9637578616352201,0.985062893081761
32,16,1867,0.9311060524906267,0.9917648634172469,0.9997991430101768,1520,0.8995104949874686,0.9863486842105263,0.999671052631579
32,17,1867,0.9380021424745582,0.9985270487412962,0.9997991430101768,1747,0.9346178482841334,0.9982684602175157,0.9997424155695478
32,18,1867,0.9660551687198714,0.9997991430101768,1.0,1850,0.9627683397683398,0.9997876447876448,1.0
32,19,1867,0.9038564542046064,0.9957150508837708,1.0,1790,0.8617271880819367,0.9963594040968341,1.0
32,20,1867,0.9201928227102303,0.9974558114622389,1.0,1824,0.912609649122807,0.9965538847117794,1.0
32,21,1867,0.9428896625602571,0.9981253347616497,0.9998660953401178,1785,0.9337528344671202,0.9978097905828999,0.9998366013071897
32,22,1867,0.9372656668452062,0.998326191751473,1.0,1855,0.9337074829931973,0.9981003722243614,1.0
32,23,1867,0.9170460632029994,0.9938403856454204,0.9985270487412962,1751,0.8391150635011285,0.9794212830763374,0.9939843898724539
32,24,1867,0.9718130690948045,0.999933047670059,1.0,1824,0.9613212719298244,0.9999314692982456,1.0
32,25,1867,0.9046598821638993,0.9940412426352437,0.9985940010712373,1750,0.854755782312925,0.9928380952380951,0.9985
32,26,1867,0.9309051955008034,0.9957150508837708,1.0,1807,0.9123771312620232,0.9964259361741375,1.0
32,27,1867,0.9086770219603643,0.9859400107123728,0.9989287627209427,1743,0.8725104499631178,0.9822999480916864,0.9988525530694206
32,28,1867,0.9475763256561328,0.9987279057311195,1.0,1832,0.9378203628613018,0.9986353711790393,1.0
32,29,1867,0.9337171933583289,0.9980583824317086,1.0,1691,0.8913463433865563,0.9933471318746304,1.0
32,30,1867,0.9298339582217461,0.9927691483663631,0.9986609534011783,1809,0.8961831056358419,0.9896858301087157,0.9963147226828818
32,31,1867,0.8877878950187467,0.9834627745045528,0.9934386716657739,1475,0.814001614205004,0.9664285714285714,0.9916949152542373
32,32,1867,0.9341189073379753,0.9949785752544189,0.9998660953401178,1567,0.9133109976600723,0.993743732336585,0.9998404594767071
32,33,1867,0.9359266202463846,0.9982592394215318,0.9998660953401178,1749,0.9285748318767186,0.998083939121675,0.9998570611778159
32,34,1867,0.9564809855382967,0.9945099089448313,0.9986609534011783,1849,0.950867908006902,0.9917522985397512,0.9972958355868037
32,35,1867,0.884775040171398,0.9902919121585431,0.9987279057311195,1779,0.8388092561364063,0.9870419443775261,0.9984254128857838
32,36,1867,0.9367970005356187,0.9981922870915908,0.9998660953401178,1752,0.9198324363992172,0.9980634377038486,0.999857305936073
32,37,1867,0.9440278521692554,0.9977236207820032,0.9996652383502946,1836,0.9362745098039216,0.9975982985786908,0.9996595860566448
32,38,1867,0.9315077664702731,0.9969201928227103,0.999196572040707,1858,0.9267158747244861,0.9968405607668255,0.9991202778204932
32,39,1867,0.9110203535083021,0.9928361006963042,0.999933047670059,1623,0.8597423935686412,0.9797090925094621,0.9999229821318546
32,40,1867,0.939542046063203,0.996719335832887,0.9998660953401178,1653,0.90990911186011,0.9959719701552733,0.9998487598306111
32,41,1867,0.9441617568291376,0.9978575254418853,0.9998660953401178,1775,0.9347914151576124,0.9973038229376258,0.9997887323943662
32,42,1867,0.9437600428494911,0.9986609534011783,0.9995982860203535,1779,0.9382846168259321,0.9985612569929602,0.9995784148397976
32,43,1867,0.9183181574718801,0.9900241028387788,0.9973219068023568,1647,0.9112470003180385,0.9876326365397403,0.9969641772920461
32,44,1867,0.9552088912694162,0.9993304767005892,0.999933047670059,1766,0.9549263873159684,0.9992396052418703,0.9999292185730464
32,45,1867,0.9197911087305838,0.9924343867166577,0.9984600964113551,1760,0.8977441829004329,0.9866876352813853,0.9976305465367966
32,46,1867,0.923942153186931,0.9930369576861274,0.9996652383502946,1814,0.9079323515514255,0.9923281881661155,0.9995268283719222
32,47,340,0.8356617647058824,0.9511029411764705,0.9794117647058823,340,0.8356617647058824,0.9511029411764705,0.9794117647058823
44,1,1867,0.9174477771826459,0.9969871451526513,0.999933047670059,1854,0.898215569938871,0.9956118045923872,0.9998202085580725
44,2,1867,0.8977637921799678,0.9923674343867167,0.9971210498125335,1845,0.8920531681507292,0.9913233965672991,0.996973803071364
44,3,1867,0.8696438136047134,0.9775040171397965,0.9929030530262453,1669,0.7862570972067675,0.9694677451567805,0.9916317155981625
44,4,1867,0.9443626138189609,0.9976566684520621,0.999933047670059,1679,0.9371132193198899,0.997131228906095,0.9998808814770697
44,5,1867,0.9283610069630424,0.9935725763256561,0.9985940010712373,1792,0.9183082217261905,0.9931082589285715,0.99853515625
44,6,1867,0.9586904124263524,0.9996652383502946,1.0,1781,0.9514304430362824,0.9996858372770782,1.0
44,7,1867,0.9331815747188003,0.9912961971076594,0.995915907873594,1783,0.9265777314851908,0.9908561012739364,0.9957234997195737
44,8,1867,0.932980717728977,0.9995313336904125,1.0,1695,0.8770670037926674,0.9993018682399213,1.0
44,9,1867,0.9302356722013926,0.9987279057311195,0.999933047670059,1552,0.8933518961708395,0.9985387518409425,0.9999194587628866
44,10,1867,0.9408810926620247,0.9989957150508838,1.0,1698,0.9132649054910539,0.9986994503337259,1.0
44,11,1867,0.9309051955008034,0.9989957150508838,1.0,1653,0.9073171434332957,0.9979935470861061,1.0
44,12,1867,0.9596277450455276,0.9997321906802357,1.0,1797,0.9544028407133582,0.9997217584863661,1.0
44,13,1867,0.9434922335297269,0.999129619710766,0.999933047670059,1627,0.8967863728158749,0.9985914771563204,0.9999231714812539
44,14,1867,0.9324450990894483,0.9978575254418853,1.0,1662,0.9234334708612687,0.9975230645808264,1.0
44,15,1867,0.9258837707552223,0.9908944831280129,0.9993304767005892,1332,0.8860834048334049,0.9903403403403402,0.9983733733733733
44,16,1867,0.9390064274236744,0.9944429566148902,0.9998660953401178,1417,0.9041158382901502,0.9924135497529993,0.9998235709244884
44,17,1867,0.942019282271023,0.9985940010712373,0.9998660953401178,1713,0.9415665916103745,0.9986135434909515,0.9998540572095739
44,18,1867,0.9669925013390466,0.9998660953401178,1.0,1839,0.9652709806054014,0.9998640565524741,1.0
44,19,1867,0.9082753079807178,0.9958489555436529,1.0,1701,0.8623848716441308,0.996511855771115,1.0
44,20,1867,0.9305034815211569,0.99752276379218,1.0,1793,0.9271903965155499,0.9965739781690701,1.0
44,21,1867,0.946103374397429,0.998326191751473,0.9998660953401178,1704,0.9342247932036666,0.9980186675609211,0.9997799295774648
44,22,1867,0.9455008034279593,0.998393144081414,1.0,1852,0.9423326133909288,0.9981467911138537,1.0
44,23,1867,0.925615961435458,0.9938403856454204,0.9985270487412962,1648,0.8705046521035599,0.9839199029126213,0.9934263754045308
44,24,1867,0.9734199250133905,0.999933047670059,1.0,1744,0.9623313947138489,0.9999283256880734,1.0
44,25,1867,0.9083422603106588,0.9953133369041243,0.9985940010712373,1683,0.8588992162521575,0.9948999801940978,0.9984402852049911
44,26,1867,0.9307043385109802,0.9970540974825924,1.0,1768,0.908804002370179,0.9964884992458521,1.0
44,27,1867,0.9106855918585967,0.9888189608998393,0.9989287627209427,1694,0.8857648844661831,0.9876770956316411,0.9988193624557261
44,28,1867,0.9477771826459561,0.9988618103910016,1.0,1818,0.9222012677458222,0.9987898789878987,1.0
44,29,1867,0.9380021424745582,0.9994643813604713,1.0,1623,0.9132984185664408,0.9993838570548367,1.0
44,30,1867,0.9371987145152652,0.9941081949651848,1.0,1790,0.9163175046554936,0.9929003724394785,1.0
44,31,1867,0.8952196036422068,0.9888859132297804,0.9974558114622389,1407,0.8373878904795748,0.9851042407012557,0.9984008528784648
44,32,1867,0.94121585431173,0.9949116229244778,0.9998660953401178,1432,0.9129140063846767,0.9931539305666401,0.9998254189944135
44,33,1867,0.9420862346009641,0.9981253347616497,0.9998660953401178,1708,0.9333305453328872,0.9976141686182669,0.9998536299765808
44,34,1867,0.9553427959292984,0.9945099089448313,0.9986609534011783,1812,0.9518770366866393,0.9915838852097131,0.9972406181015453
44,35,1867,0.8912024638457419,0.990224959828602,0.9987948580610605,1747,0.8634100635102352,0.9859377981301278,0.9982112192329708
44,36,1867,0.9390064274236744,0.9981253347616497,0.9998660953401178,1716,0.9196137196137196,0.9978334165834166,0.9998543123543123
44,37,1867,0.9459694697375469,0.9977236207820032,0.9996652383502946,1759,0.9350618587400851,0.9974038279325375,0.999644684479818
44,38,1867,0.9382029994643813,0.9971880021424746,0.9992635243706481,1830,0.9366712204007286,0.9970940671350508,0.9991666666666666
44,39,1867,0.9220674879485806,0.9929030530262453,0.999933047670059,1447,0.8447913581465758,0.9751266989173001,0.999913614374568
44,40,1867,0.9444965184788431,0.9971880021424746,0.9998660953401178,1466,0.9306389267849022,0.9965040927694406,0.9998294679399727
44,41,1867,0.9437600428494911,0.9980583824317086,0.999933047670059,1702,0.944924038945778,0.9979086229086229,0.9999265569917744
44,42,1867,0.9498527048741296,0.9986609534011783,0.9995982860203535,1722,0.9433120402632597,0.9984998064266357,0.9995644599303136
44,43,1867,0.9252811997857525,0.990158007498661,0.9973219068023568,1566,0.9179878975855986,0.9871905978227817,0.9968071519795658
44,44,1867,0.9570166041778254,0.9993304767005892,0.999933047670059,1729,0.9523382632405188,0.9992233330579195,0.9999277038750723
44,45,1867,0.9259507230851634,0.9923674343867167,0.9984600964113551,1738,0.907751109649844,0.9914221327196011,0.9974012274645188
44,46,1867,0.927289769683985,0.992635243706481,0.9995313336904125,1762,0.905755094319226,0.991634235987244,0.9992858494135453
44,47,340,0.8356617647058824,0.9511029411764705,0.9794117647058823,340,0.8356617647058824,0.9511029411764705,0.9794117647058823
64,1,1867,0.9230048205677558,0.9973219068023568,1.0,1783,0.8969967684213338,0.9953302352909756,1.0
64,2,1867,0.9064675950723086,0.9925682913765399,0.9971880021424746,1820,0.9033451072736788,0.992015306122449,0.9971153846153846
64,3,1867,0.8787493304767006,0.9805168719871451,0.9929700053561864,1505,0.8118960607498814,0.9677068501819334,0.9909191583610187
64,4,1867,0.9514595607927155,0.9977905731119443,1.0,1507,0.945780800707808,0.9968480424684805,1.0
64,5,1867,0.9335832886984468,0.9937064809855383,0.9985940010712373,1742,0.919998223169865,0.9931400688863375,0.9984931113662457
64,6,1867,0.964046598821639,0.9997321906802357,1.0,1727,0.9606232939035487,0.9997394325419803,1.0
64,7,1867,0.9355918585966791,0.9912961971076594,0.995915907873594,1737,0.9227759958329907,0.9906687775858761,0.9956102475532528
64,8,1867,0.9388725227637922,0.9995313336904125,1.0,1664,0.8949597928113554,0.9991586538461538,1.0
64,9,1867,0.9352570969469738,0.9987948580610605,0.999933047670059,1442,0.9105797173238228,0.9984272835347732,0.9999133148404993
64,10,1867,0.9444965184788431,0.9989957150508838,0.999933047670059,1645,0.9171616731799103,0.9987386018237082,0.9998784194528875
64,11,1867,0.9349223352972683,0.9989957150508838,1.0,1491,0.8972166331321261,0.9978537894030851,1.0
64,12,1867,0.9653856454204607,0.9997321906802357,1.0,1749,0.9620170709793352,0.9997141223556318,1.0
64,13,1867,0.9426888055704339,0.999129619710766,0.999933047670059,1548,0.9032776547311431,0.9984657622739018,0.9999192506459949
64,14,1867,0.9402785216925549,0.9979244777718265,1.0,1536,0.9159063430059523,0.9974283854166667,1.0
64,15,1867,0.9270889126941617,0.9921665773968934,0.9979914301017675,1184,0.8660865106177605,0.9722409909909909,0.9812781531531533
64,16,1867,0.9430905195500804,0.9945768612747724,0.9998660953401178,1262,0.9022309637008527,0.991877971473851,0.9998019017432647
64,17,1867,0.950187466523835,0.9987279057311195,0.9998660953401178,1688,0.944667541187091,0.998593009478673,0.9998518957345972
64,18,1867,0.9725495447241564,0.9997991430101768,1.0,1764,0.967471790303423,0.9996693121693122,1.0
64,19,1867,0.9154392072844135,0.9958489555436529,1.0,1650,0.8508037518037517,0.9964040404040404,1.0
64,20,1867,0.9383369041242635,0.99752276379218,1.0,1704,0.9327932875027944,0.9963950368879945,1.0
64,21,1867,0.9467059453668988,0.998393144081414,0.999933047670059,1608,0.9314210199004976,0.9980558516939114,0.9999222636815921
64,22,1867,0.9520621317621853,0.998326191751473,1.0,1738,0.9444284618335251,0.9979533125102746,1.0
64,23,1867,0.9392742367434387,0.9979244777718265,0.9985270487412962,1556,0.9172825621251071,0.9915916880891174,0.9930377035132818
64,24,1867,0.9748928762720943,0.999933047670059,1.0,1668,0.9593375299760192,0.9999250599520384,1.0
64,25,1867,0.9170460632029994,0.9927691483663631,0.9985940010712373,1556,0.8608680683070142,0.9948586118251928,0.9983129820051414
64,26,1867,0.9410819496518479,0.9971210498125335,1.0,1675,0.9177206823027719,0.9962935323383084,1.0
64,27,1867,0.9230717728976968,0.9886850562399572,0.9988618103910016,1606,0.8746768072110537,0.9867053608491966,0.9985471149854711
64,28,1867,0.9519951794322442,0.9989287627209427,1.0,1738,0.9439873417721519,0.998849252013809,1.0
64,29,1867,0.9392072844134975,0.9993304767005892,1.0,1589,0.9016047828823159,0.9991608978393118,1.0
64,30,1867,0.9405463310123192,0.9941751472951259,1.0,1701,0.909761064919795,0.9920879874583577,1.0
64,31,1867,0.9000401713979647,0.9891537225495447,0.9974558114622389,1226,0.8180494057329293,0.9811378466557912,0.9981647634584013
64,32,1867,0.9450990894483128,0.9963176218532405,0.9998660953401178,1257,0.9083873167405387,0.9944738038413458,0.9998011137629276
64,33,1867,0.946103374397429,0.9982592394215318,0.9998660953401178,1631,0.932142127237161,0.9981350909462499,0.9998467198038014
64,34,1867,0.9588912694161756,0.9945099089448313,0.9986609534011783,1781,0.9429874869655892,0.9914373947220663,0.9971925884334644
64,35,1867,0.8990358864488485,0.9917648634172469,0.9987279057311195,1672,0.858888699020278,0.9866228070175438,0.9984300239234449
64,36,1867,0.9407471880021425,0.9982592394215318,0.9998660953401178,1591,0.9120379515728353,0.9979460357367335,0.9998428661219358
64,37,1867,0.9498527048741296,0.9979244777718265,0.9996652383502946,1670,0.9295195323638439,0.9976546906187626,0.999625748502994
64,38,1867,0.9397429030530262,0.9973219068023568,0.9992635243706481,1774,0.928392924249745,0.9972513018736243,0.999102109840554
64,39,1867,0.9304365291912159,0.9942420996250669,0.999933047670059,1362,0.8509693378085448,0.9808772113838193,0.9999082232011748
64,40,1867,0.9498527048741296,0.9973888591322978,0.9998660953401178,1394,0.9367390858782537,0.9965925394548063,0.9998206599713056
64,41,1867,0.9494509908944831,0.9979914301017675,0.999933047670059,1550,0.9417027649769585,0.9977956989247313,0.9999193548387096
64,42,1867,0.9507230851633637,0.9987279057311195,0.9995982860203535,1703,0.9413842518804352,0.9985613623018202,0.9995596007046389
64,43,1867,0.9252142474558115,0.990224959828602,0.9973219068023568,1508,0.9229703486169004,0.9866979285082733,0.996684350132626
64,44,1867,0.9625736475629352,0.9993974290305303,0.999933047670059,1602,0.958228553593722,0.999364633493847,0.9999219725343321
64,45,1867,0.9335163363685056,0.9932378146759507,0.9985940010712373,1564,0.9008334855681404,0.9921994884910487,0.9972879369138961
64,46,1867,0.9384708087841457,0.9929700053561864,0.9997321906802357,1711,0.9120446132865772,0.9917397233586597,0.9995178258328462
64,47,340,0.8356617647058824,0.9511029411764705,0.9794117647058823,340,0.8356617647058824,0.9511029411764705,0.9794117647058823
