"request_id","prompt","exit_code","started","finished","trace_bytes"
"r01","chat_en_1.txt","0","2026-09-10T20:37:38.9892500+08:00","2026-09-10T20:38:34.1755704+08:00","1113333206"
"r02","chat_en_2.txt","0","2026-09-10T20:38:34.8700407+08:00","2026-09-10T20:39:31.4724092+08:00","1043287909"
"r03","chat_en_3.txt","0","2026-09-10T20:39:31.9994401+08:00","2026-09-10T20:40:27.9369063+08:00","1101658981"
"r04","chat_en_4.txt","0","2026-09-10T20:40:28.7828051+08:00","2026-09-10T20:41:31.8404711+08:00","1054962146"
"r05","chat_zh_1.txt","0","2026-09-10T20:41:32.4926202+08:00","2026-09-10T20:42:30.0511275+08:00","1089984597"
"r06","chat_zh_2.txt","0","2026-09-10T20:42:30.5806046+08:00","2026-09-10T20:43:30.2005305+08:00","1101658817"
"r07","chat_zh_3.txt","0","2026-09-10T20:43:30.8400537+08:00","2026-09-10T20:45:43.4678916+08:00","1101658804"
"r08","code_cpp_1.txt","0","2026-09-10T20:45:44.9657983+08:00","2026-09-10T20:47:39.9954185+08:00","1160030054"
"r09","code_cpp_2.txt","0","2026-09-10T20:47:41.4153202+08:00","2026-09-10T20:49:23.0823756+08:00","1066636344"
"r10","code_js_1.txt","0","2026-09-10T20:49:24.1376537+08:00","2026-09-10T20:50:48.9383541+08:00","1136681642"
"r11","code_py_1.txt","0","2026-09-10T20:50:49.6887139+08:00","2026-09-10T20:51:59.1800655+08:00","1101659029"
"r12","code_py_2.txt","0","2026-09-10T20:51:59.6497732+08:00","2026-09-10T20:52:44.8192319+08:00","1031613690"
"r13","code_sql_1.txt","0","2026-09-10T20:52:45.0994616+08:00","2026-09-10T20:53:26.2053526+08:00","1335143596"
"r14","en-biology.txt","0","2026-09-10T20:53:26.4720964+08:00","2026-09-10T20:54:00.0275471+08:00","1206726987"
"r15","en-climate.txt","0","2026-09-10T20:54:00.2938300+08:00","2026-09-10T20:54:31.0334529+08:00","1195052803"
"r16","en-cooking.txt","0","2026-09-10T20:54:31.2995788+08:00","2026-09-10T20:55:01.7240540+08:00","1148355967"
"r17","en-economics.txt","0","2026-09-10T20:55:01.9897058+08:00","2026-09-10T20:55:32.8549150+08:00","1230075504"
"r18","en-history.txt","0","2026-09-10T20:55:33.1179372+08:00","2026-09-10T20:56:02.9798162+08:00","1148355960"
"r19","en-physics.txt","0","2026-09-10T20:56:03.2486425+08:00","2026-09-10T20:56:33.5299775+08:00","1241749739"
"r20","en-story.txt","0","2026-09-10T20:56:33.7925918+08:00","2026-09-10T20:57:03.7198990+08:00","1206727029"
